Country,District,Village,Village_ID
台北市,松山區,莊敬里,63000010-002
台北市,松山區,東榮里,63000010-003
台北市,松山區,三民里,63000010-004
台北市,松山區,新益里,63000010-005
台北市,松山區,富錦里,63000010-006
台北市,松山區,新東里,63000010-007
台北市,松山區,富泰里,63000010-008
台北市,松山區,介壽里,63000010-009
台北市,松山區,精忠里,63000010-010
台北市,松山區,東光里,63000010-011
台北市,松山區,龍田里,63000010-012
台北市,松山區,東昌里,63000010-013
台北市,松山區,東勢里,63000010-014
台北市,松山區,中華里,63000010-015
台北市,松山區,民有里,63000010-016
台北市,松山區,民福里,63000010-017
台北市,松山區,慈祐里,63000010-018
台北市,松山區,安平里,63000010-019
台北市,松山區,鵬程里,63000010-020
台北市,松山區,自強里,63000010-021
台北市,松山區,吉祥里,63000010-022
台北市,松山區,新聚里,63000010-024
台北市,松山區,復盛里,63000010-025
台北市,松山區,中正里,63000010-026
台北市,松山區,中崙里,63000010-027
台北市,松山區,美仁里,63000010-028
台北市,松山區,吉仁里,63000010-029
台北市,松山區,敦化里,63000010-030
台北市,松山區,復源里,63000010-031
台北市,松山區,復建里,63000010-032
台北市,松山區,復勢里,63000010-033
台北市,松山區,福成里,63000010-034
台北市,松山區,松基里,63000010-035
台北市,信義區,西村里,63000020-001
台北市,信義區,正和里,63000020-002
台北市,信義區,興隆里,63000020-003
台北市,信義區,中興里,63000020-004
台北市,信義區,新仁里,63000020-005
台北市,信義區,興雅里,63000020-006
台北市,信義區,敦厚里,63000020-007
台北市,信義區,廣居里,63000020-008
台北市,信義區,安康里,63000020-009
台北市,信義區,六藝里,63000020-010
台北市,信義區,雅祥里,63000020-011
台北市,信義區,五常里,63000020-012
台北市,信義區,五全里,63000020-013
台北市,信義區,永吉里,63000020-014
台北市,信義區,長春里,63000020-015
台北市,信義區,四育里,63000020-016
台北市,信義區,四維里,63000020-017
台北市,信義區,永春里,63000020-018
台北市,信義區,富台里,63000020-019
台北市,信義區,國業里,63000020-020
台北市,信義區,松隆里,63000020-021
台北市,信義區,松友里,63000020-022
台北市,信義區,松光里,63000020-023
台北市,信義區,中坡里,63000020-024
台北市,信義區,中行里,63000020-025
台北市,信義區,大道里,63000020-026
台北市,信義區,大仁里,63000020-027
台北市,信義區,景新里,63000020-028
台北市,信義區,惠安里,63000020-029
台北市,信義區,三張里,63000020-030
台北市,信義區,三犁里,63000020-031
台北市,信義區,六合里,63000020-032
台北市,信義區,泰和里,63000020-033
台北市,信義區,景聯里,63000020-034
台北市,信義區,景勤里,63000020-035
台北市,信義區,雙和里,63000020-036
台北市,信義區,嘉興里,63000020-037
台北市,信義區,黎順里,63000020-038
台北市,信義區,黎平里,63000020-039
台北市,信義區,黎忠里,63000020-040
台北市,信義區,黎安里,63000020-041
台北市,大安區,德安里,63000030-001
台北市,大安區,仁慈里,63000030-002
台北市,大安區,和安里,63000030-003
台北市,大安區,民炤里,63000030-004
台北市,大安區,仁愛里,63000030-005
台北市,大安區,義村里,63000030-006
台北市,大安區,民輝里,63000030-007
台北市,大安區,昌隆里,63000030-008
台北市,大安區,誠安里,63000030-009
台北市,大安區,光武里,63000030-010
台北市,大安區,龍坡里,63000030-011
台北市,大安區,龍泉里,63000030-012
台北市,大安區,古風里,63000030-013
台北市,大安區,古莊里,63000030-014
台北市,大安區,龍安里,63000030-015
台北市,大安區,錦安里,63000030-016
台北市,大安區,福住里,63000030-017
台北市,大安區,永康里,63000030-018
台北市,大安區,光明里,63000030-019
台北市,大安區,錦泰里,63000030-020
台北市,大安區,錦華里,63000030-021
台北市,大安區,龍圖里,63000030-022
台北市,大安區,新龍里,63000030-023
台北市,大安區,龍陣里,63000030-026
台北市,大安區,龍雲里,63000030-027
台北市,大安區,龍生里,63000030-028
台北市,大安區,住安里,63000030-029
台北市,大安區,義安里,63000030-030
台北市,大安區,通化里,63000030-031
台北市,大安區,通安里,63000030-032
台北市,大安區,臨江里,63000030-033
台北市,大安區,法治里,63000030-034
台北市,大安區,全安里,63000030-035
台北市,大安區,群賢里,63000030-036
台北市,大安區,群英里,63000030-037
台北市,大安區,虎嘯里,63000030-038
台北市,大安區,臥龍里,63000030-039
台北市,大安區,龍淵里,63000030-040
台北市,大安區,龍門里,63000030-041
台北市,大安區,大學里,63000030-043
台北市,大安區,芳和里,63000030-044
台北市,大安區,黎元里,63000030-046
台北市,大安區,黎孝里,63000030-047
台北市,大安區,黎和里,63000030-048
台北市,大安區,建安里,63000030-049
台北市,大安區,建倫里,63000030-050
台北市,大安區,敦安里,63000030-051
台北市,大安區,正聲里,63000030-052
台北市,大安區,敦煌里,63000030-053
台北市,大安區,華聲里,63000030-054
台北市,大安區,車層里,63000030-055
台北市,大安區,光信里,63000030-056
台北市,大安區,學府里,63000030-057
台北市,中山區,正守里,63000040-001
台北市,中山區,正義里,63000040-002
台北市,中山區,正得里,63000040-003
台北市,中山區,民安里,63000040-004
台北市,中山區,康樂里,63000040-005
台北市,中山區,中山里,63000040-006
台北市,中山區,聚盛里,63000040-007
台北市,中山區,集英里,63000040-008
台北市,中山區,聚葉里,63000040-009
台北市,中山區,恆安里,63000040-010
台北市,中山區,晴光里,63000040-011
台北市,中山區,圓山里,63000040-012
台北市,中山區,劍潭里,63000040-013
台北市,中山區,大直里,63000040-014
台北市,中山區,成功里,63000040-015
台北市,中山區,永安里,63000040-016
台北市,中山區,大佳里,63000040-017
台北市,中山區,新喜里,63000040-018
台北市,中山區,新庄里,63000040-019
台北市,中山區,新福里,63000040-020
台北市,中山區,松江里,63000040-021
台北市,中山區,新生里,63000040-022
台北市,中山區,中庄里,63000040-023
台北市,中山區,行政里,63000040-024
台北市,中山區,行仁里,63000040-025
台北市,中山區,行孝里,63000040-026
台北市,中山區,下埤里,63000040-027
台北市,中山區,江寧里,63000040-028
台北市,中山區,江山里,63000040-029
台北市,中山區,中吉里,63000040-030
台北市,中山區,中原里,63000040-031
台北市,中山區,興亞里,63000040-032
台北市,中山區,中央里,63000040-033
台北市,中山區,朱馥里,63000040-034
台北市,中山區,龍洲里,63000040-035
台北市,中山區,朱園里,63000040-036
台北市,中山區,埤頭里,63000040-037
台北市,中山區,朱崙里,63000040-038
台北市,中山區,力行里,63000040-039
台北市,中山區,復華里,63000040-040
台北市,中山區,金泰里,63000040-041
台北市,中山區,北安里,63000040-042
台北市,中正區,水源里,63000050-001
台北市,中正區,富水里,63000050-002
台北市,中正區,文盛里,63000050-003
台北市,中正區,林興里,63000050-004
台北市,中正區,河堤里,63000050-005
台北市,中正區,頂東里,63000050-006
台北市,中正區,網溪里,63000050-007
台北市,中正區,板溪里,63000050-008
台北市,中正區,螢圃里,63000050-009
台北市,中正區,螢雪里,63000050-010
台北市,中正區,永功里,63000050-011
台北市,中正區,永昌里,63000050-012
台北市,中正區,龍興里,63000050-013
台北市,中正區,忠勤里,63000050-014
台北市,中正區,廈安里,63000050-015
台北市,中正區,愛國里,63000050-016
台北市,中正區,南門里,63000050-017
台北市,中正區,龍光里,63000050-018
台北市,中正區,南福里,63000050-019
台北市,中正區,龍福里,63000050-020
台北市,中正區,新營里,63000050-021
台北市,中正區,建國里,63000050-022
台北市,中正區,光復里,63000050-023
台北市,中正區,黎明里,63000050-024
台北市,中正區,梅花里,63000050-025
台北市,中正區,幸福里,63000050-026
台北市,中正區,幸市里,63000050-027
台北市,中正區,東門里,63000050-028
台北市,中正區,文北里,63000050-029
台北市,中正區,文祥里,63000050-030
台北市,中正區,三愛里,63000050-031
台北市,大同區,玉泉里,63000060-001
台北市,大同區,建明里,63000060-002
台北市,大同區,建功里,63000060-003
台北市,大同區,建泰里,63000060-004
台北市,大同區,永樂里,63000060-005
台北市,大同區,朝陽里,63000060-006
台北市,大同區,星明里,63000060-007
台北市,大同區,光能里,63000060-008
台北市,大同區,大有里,63000060-009
台北市,大同區,延平里,63000060-010
台北市,大同區,雙連里,63000060-011
台北市,大同區,南芳里,63000060-012
台北市,大同區,民權里,63000060-013
台北市,大同區,景星里,63000060-014
台北市,大同區,隆和里,63000060-015
台北市,大同區,蓬萊里,63000060-016
台北市,大同區,國順里,63000060-017
台北市,大同區,國慶里,63000060-018
台北市,大同區,揚雅里,63000060-019
台北市,大同區,斯文里,63000060-020
台北市,大同區,鄰江里,63000060-021
台北市,大同區,至聖里,63000060-022
台北市,大同區,老師里,63000060-024
台北市,大同區,重慶里,63000060-025
台北市,大同區,保安里,63000060-026
台北市,萬華區,福星里,63000070-001
台北市,萬華區,萬壽里,63000070-002
台北市,萬華區,西門里,63000070-003
台北市,萬華區,新起里,63000070-004
台北市,萬華區,菜園里,63000070-005
台北市,萬華區,青山里,63000070-006
台北市,萬華區,富民里,63000070-007
台北市,萬華區,福音里,63000070-008
台北市,萬華區,仁德里,63000070-009
台北市,萬華區,富福里,63000070-010
台北市,萬華區,頂碩里,63000070-011
台北市,萬華區,雙園里,63000070-012
台北市,萬華區,新忠里,63000070-013
台北市,萬華區,新和里,63000070-014
台北市,萬華區,糖廍里,63000070-015
台北市,萬華區,和平里,63000070-016
台北市,萬華區,綠堤里,63000070-017
台北市,萬華區,華江里,63000070-018
台北市,萬華區,柳鄉里,63000070-019
台北市,萬華區,日善里,63000070-020
台北市,萬華區,新安里,63000070-021
台北市,萬華區,忠德里,63000070-022
台北市,萬華區,孝德里,63000070-023
台北市,萬華區,和德里,63000070-024
台北市,萬華區,錦德里,63000070-025
台北市,萬華區,全德里,63000070-026
台北市,萬華區,保德里,63000070-027
台北市,萬華區,銘德里,63000070-028
台北市,萬華區,榮德里,63000070-029
台北市,萬華區,壽德里,63000070-030
台北市,萬華區,興德里,63000070-031
台北市,萬華區,華中里,63000070-032
台北市,萬華區,日祥里,63000070-033
台北市,萬華區,忠貞里,63000070-034
台北市,萬華區,凌霄里,63000070-035
台北市,萬華區,騰雲里,63000070-036
台北市,文山區,景行里,63000080-001
台北市,文山區,景東里,63000080-002
台北市,文山區,景美里,63000080-003
台北市,文山區,景慶里,63000080-004
台北市,文山區,景仁里,63000080-005
台北市,文山區,景華里,63000080-006
台北市,文山區,萬有里,63000080-007
台北市,文山區,萬祥里,63000080-008
台北市,文山區,萬隆里,63000080-009
台北市,文山區,萬年里,63000080-010
台北市,文山區,萬和里,63000080-011
台北市,文山區,萬盛里,63000080-012
台北市,文山區,興豐里,63000080-013
台北市,文山區,興光里,63000080-014
台北市,文山區,興家里,63000080-015
台北市,文山區,興得里,63000080-016
台北市,文山區,興業里,63000080-017
台北市,文山區,興安里,63000080-018
台北市,文山區,興福里,63000080-019
台北市,文山區,興旺里,63000080-020
台北市,文山區,興泰里,63000080-021
台北市,文山區,興昌里,63000080-022
台北市,文山區,試院里,63000080-023
台北市,文山區,華興里,63000080-024
台北市,文山區,明義里,63000080-025
台北市,文山區,明興里,63000080-026
台北市,文山區,木柵里,63000080-027
台北市,文山區,木新里,63000080-028
台北市,文山區,順興里,63000080-029
台北市,文山區,樟林里,63000080-030
台北市,文山區,樟新里,63000080-031
台北市,文山區,樟腳里,63000080-032
台北市,文山區,萬芳里,63000080-033
台北市,文山區,博嘉里,63000080-034
台北市,文山區,萬興里,63000080-035
台北市,文山區,指南里,63000080-036
台北市,文山區,老泉里,63000080-037
台北市,文山區,忠順里,63000080-038
台北市,文山區,萬美里,63000080-039
台北市,文山區,政大里,63000080-040
台北市,文山區,樟文里,63000080-041
台北市,文山區,興邦里,63000080-042
台北市,文山區,樟樹里,63000080-043
台北市,南港區,南港里,63000090-001
台北市,南港區,中南里,63000090-002
台北市,南港區,新富里,63000090-003
台北市,南港區,三重里,63000090-004
台北市,南港區,東新里,63000090-005
台北市,南港區,新光里,63000090-006
台北市,南港區,東明里,63000090-007
台北市,南港區,西新里,63000090-008
台北市,南港區,玉成里,63000090-009
台北市,南港區,合成里,63000090-010
台北市,南港區,成福里,63000090-011
台北市,南港區,萬福里,63000090-012
台北市,南港區,鴻福里,63000090-013
台北市,南港區,百福里,63000090-014
台北市,南港區,聯成里,63000090-015
台北市,南港區,舊莊里,63000090-016
台北市,南港區,中研里,63000090-017
台北市,南港區,九如里,63000090-018
台北市,南港區,仁福里,63000090-019
台北市,南港區,重陽里,63000090-020
台北市,內湖區,西湖里,63000100-001
台北市,內湖區,西康里,63000100-002
台北市,內湖區,西安里,63000100-003
台北市,內湖區,港墘里,63000100-005
台北市,內湖區,港都里,63000100-006
台北市,內湖區,港富里,63000100-007
台北市,內湖區,港華里,63000100-008
台北市,內湖區,內湖里,63000100-009
台北市,內湖區,湖濱里,63000100-010
台北市,內湖區,紫星里,63000100-011
台北市,內湖區,大湖里,63000100-012
台北市,內湖區,金龍里,63000100-013
台北市,內湖區,金瑞里,63000100-014
台北市,內湖區,碧山里,63000100-015
台北市,內湖區,紫雲里,63000100-016
台北市,內湖區,清白里,63000100-017
台北市,內湖區,葫洲里,63000100-018
台北市,內湖區,紫陽里,63000100-019
台北市,內湖區,瑞陽里,63000100-020
台北市,內湖區,瑞光里,63000100-021
台北市,內湖區,五分里,63000100-022
台北市,內湖區,東湖里,63000100-023
台北市,內湖區,樂康里,63000100-024
台北市,內湖區,內溝里,63000100-025
台北市,內湖區,週美里,63000100-026
台北市,內湖區,行善里,63000100-027
台北市,內湖區,石潭里,63000100-028
台北市,內湖區,湖興里,63000100-029
台北市,內湖區,湖元里,63000100-030
台北市,內湖區,安湖里,63000100-031
台北市,內湖區,秀湖里,63000100-032
台北市,內湖區,安泰里,63000100-033
台北市,內湖區,金湖里,63000100-034
台北市,內湖區,康寧里,63000100-035
台北市,內湖區,明湖里,63000100-036
台北市,內湖區,蘆洲里,63000100-037
台北市,內湖區,麗山里,63000100-038
台北市,內湖區,寶湖里,63000100-039
台北市,內湖區,南湖里,63000100-040
台北市,士林區,仁勇里,63000110-001
台北市,士林區,義信里,63000110-002
台北市,士林區,福林里,63000110-003
台北市,士林區,福德里,63000110-004
台北市,士林區,福志里,63000110-005
台北市,士林區,舊佳里,63000110-006
台北市,士林區,福佳里,63000110-007
台北市,士林區,後港里,63000110-008
台北市,士林區,福中里,63000110-009
台北市,士林區,前港里,63000110-010
台北市,士林區,百齡里,63000110-011
台北市,士林區,承德里,63000110-012
台北市,士林區,福華里,63000110-013
台北市,士林區,明勝里,63000110-014
台北市,士林區,福順里,63000110-015
台北市,士林區,富光里,63000110-016
台北市,士林區,葫蘆里,63000110-017
台北市,士林區,葫東里,63000110-018
台北市,士林區,社子里,63000110-019
台北市,士林區,社新里,63000110-020
台北市,士林區,社園里,63000110-021
台北市,士林區,永倫里,63000110-022
台北市,士林區,福安里,63000110-023
台北市,士林區,富洲里,63000110-024
台北市,士林區,岩山里,63000110-025
台北市,士林區,名山里,63000110-026
台北市,士林區,德行里,63000110-027
台北市,士林區,德華里,63000110-028
台北市,士林區,聖山里,63000110-029
台北市,士林區,忠誠里,63000110-030
台北市,士林區,芝山里,63000110-031
台北市,士林區,東山里,63000110-032
台北市,士林區,三玉里,63000110-033
台北市,士林區,蘭雅里,63000110-034
台北市,士林區,蘭興里,63000110-035
台北市,士林區,天福里,63000110-036
台北市,士林區,天祿里,63000110-037
台北市,士林區,天壽里,63000110-038
台北市,士林區,天和里,63000110-039
台北市,士林區,天山里,63000110-040
台北市,士林區,天玉里,63000110-041
台北市,士林區,天母里,63000110-042
台北市,士林區,永福里,63000110-043
台北市,士林區,公館里,63000110-044
台北市,士林區,新安里,63000110-045
台北市,士林區,陽明里,63000110-046
台北市,士林區,菁山里,63000110-047
台北市,士林區,平等里,63000110-048
台北市,士林區,溪山里,63000110-049
台北市,士林區,翠山里,63000110-050
台北市,士林區,臨溪里,63000110-051
台北市,北投區,建民里,63000120-001
台北市,北投區,文林里,63000120-002
台北市,北投區,石牌里,63000120-003
台北市,北投區,福興里,63000120-004
台北市,北投區,榮光里,63000120-005
台北市,北投區,榮華里,63000120-006
台北市,北投區,裕民里,63000120-007
台北市,北投區,振華里,63000120-008
台北市,北投區,永和里,63000120-009
台北市,北投區,永欣里,63000120-010
台北市,北投區,永明里,63000120-011
台北市,北投區,東華里,63000120-012
台北市,北投區,吉利里,63000120-013
台北市,北投區,吉慶里,63000120-014
台北市,北投區,尊賢里,63000120-015
台北市,北投區,立賢里,63000120-016
台北市,北投區,立農里,63000120-017
台北市,北投區,八仙里,63000120-018
台北市,北投區,洲美里,63000120-019
台北市,北投區,奇岩里,63000120-020
台北市,北投區,清江里,63000120-021
台北市,北投區,中央里,63000120-022
台北市,北投區,長安里,63000120-023
台北市,北投區,大同里,63000120-024
台北市,北投區,溫泉里,63000120-025
台北市,北投區,林泉里,63000120-026
台北市,北投區,中心里,63000120-027
台北市,北投區,中庸里,63000120-028
台北市,北投區,開明里,63000120-029
台北市,北投區,中和里,63000120-030
台北市,北投區,智仁里,63000120-031
台北市,北投區,秀山里,63000120-032
台北市,北投區,文化里,63000120-033
台北市,北投區,豐年里,63000120-034
台北市,北投區,稻香里,63000120-035
台北市,北投區,桃源里,63000120-036
台北市,北投區,一德里,63000120-037
台北市,北投區,關渡里,63000120-038
台北市,北投區,泉源里,63000120-039
台北市,北投區,湖山里,63000120-040
台北市,北投區,大屯里,63000120-041
台北市,北投區,湖田里,63000120-042
新北市,板橋區,留侯里,65000010-001
新北市,板橋區,流芳里,65000010-002
新北市,板橋區,赤松里,65000010-003
新北市,板橋區,黃石里,65000010-004
新北市,板橋區,挹秀里,65000010-005
新北市,板橋區,湳興里,65000010-006
新北市,板橋區,新興里,65000010-007
新北市,板橋區,社後里,65000010-008
新北市,板橋區,香社里,65000010-009
新北市,板橋區,中正里,65000010-010
新北市,板橋區,自強里,65000010-011
新北市,板橋區,自立里,65000010-012
新北市,板橋區,光華里,65000010-013
新北市,板橋區,國光里,65000010-014
新北市,板橋區,港尾里,65000010-015
新北市,板橋區,金華里,65000010-016
新北市,板橋區,港德里,65000010-017
新北市,板橋區,民權里,65000010-018
新北市,板橋區,建國里,65000010-019
新北市,板橋區,漢生里,65000010-020
新北市,板橋區,公舘里,65000010-021
新北市,板橋區,新民里,65000010-022
新北市,板橋區,幸福里,65000010-023
新北市,板橋區,忠誠里,65000010-024
新北市,板橋區,百壽里,65000010-025
新北市,板橋區,介壽里,65000010-026
新北市,板橋區,新埔里,65000010-027
新北市,板橋區,華江里,65000010-028
新北市,板橋區,江翠里,65000010-029
新北市,板橋區,純翠里,65000010-030
新北市,板橋區,溪頭里,65000010-031
新北市,板橋區,聯翠里,65000010-032
新北市,板橋區,宏翠里,65000010-033
新北市,板橋區,仁翠里,65000010-034
新北市,板橋區,新翠里,65000010-035
新北市,板橋區,吉翠里,65000010-036
新北市,板橋區,德翠里,65000010-037
新北市,板橋區,滿翠里,65000010-038
新北市,板橋區,明翠里,65000010-039
新北市,板橋區,松翠里,65000010-040
新北市,板橋區,柏翠里,65000010-041
新北市,板橋區,龍翠里,65000010-042
新北市,板橋區,華翠里,65000010-043
新北市,板橋區,忠翠里,65000010-044
新北市,板橋區,嵐翠里,65000010-045
新北市,板橋區,文翠里,65000010-046
新北市,板橋區,青翠里,65000010-047
新北市,板橋區,懷翠里,65000010-048
新北市,板橋區,福翠里,65000010-049
新北市,板橋區,港嘴里,65000010-050
新北市,板橋區,振興里,65000010-051
新北市,板橋區,振義里,65000010-052
新北市,板橋區,光復里,65000010-053
新北市,板橋區,埔墘里,65000010-054
新北市,板橋區,長壽里,65000010-055
新北市,板橋區,福壽里,65000010-056
新北市,板橋區,海山里,65000010-057
新北市,板橋區,九如里,65000010-058
新北市,板橋區,玉光里,65000010-059
新北市,板橋區,光仁里,65000010-060
新北市,板橋區,埤墘里,65000010-061
新北市,板橋區,永安里,65000010-062
新北市,板橋區,雙玉里,65000010-063
新北市,板橋區,廣新里,65000010-064
新北市,板橋區,深丘里,65000010-065
新北市,板橋區,香丘里,65000010-066
新北市,板橋區,西安里,65000010-067
新北市,板橋區,東丘里,65000010-068
新北市,板橋區,長安里,65000010-069
新北市,板橋區,福丘里,65000010-070
新北市,板橋區,福祿里,65000010-071
新北市,板橋區,民族里,65000010-072
新北市,板橋區,國泰里,65000010-073
新北市,板橋區,福德里,65000010-074
新北市,板橋區,景星里,65000010-075
新北市,板橋區,福星里,65000010-076
新北市,板橋區,鄉雲里,65000010-077
新北市,板橋區,廣德里,65000010-078
新北市,板橋區,大豐里,65000010-079
新北市,板橋區,重慶里,65000010-080
新北市,板橋區,仁愛里,65000010-081
新北市,板橋區,和平里,65000010-082
新北市,板橋區,廣福里,65000010-083
新北市,板橋區,華興里,65000010-084
新北市,板橋區,華貴里,65000010-085
新北市,板橋區,華德里,65000010-086
新北市,板橋區,華東里,65000010-087
新北市,板橋區,信義里,65000010-088
新北市,板橋區,浮洲里,65000010-089
新北市,板橋區,華中里,65000010-090
新北市,板橋區,僑中里,65000010-091
新北市,板橋區,中山里,65000010-092
新北市,板橋區,復興里,65000010-093
新北市,板橋區,大安里,65000010-094
新北市,板橋區,福安里,65000010-095
新北市,板橋區,聚安里,65000010-096
新北市,板橋區,龍安里,65000010-097
新北市,板橋區,崑崙里,65000010-098
新北市,板橋區,溪洲里,65000010-099
新北市,板橋區,溪北里,65000010-100
新北市,板橋區,香雅里,65000010-101
新北市,板橋區,新生里,65000010-102
新北市,板橋區,文德里,65000010-103
新北市,板橋區,文化里,65000010-104
新北市,板橋區,新海里,65000010-105
新北市,板橋區,莒光里,65000010-106
新北市,板橋區,富貴里,65000010-107
新北市,板橋區,正泰里,65000010-108
新北市,板橋區,民生里,65000010-109
新北市,板橋區,後埔里,65000010-110
新北市,板橋區,華福里,65000010-111
新北市,板橋區,堂春里,65000010-112
新北市,板橋區,成和里,65000010-113
新北市,板橋區,光榮里,65000010-114
新北市,板橋區,民安里,65000010-115
新北市,板橋區,陽明里,65000010-116
新北市,板橋區,朝陽里,65000010-117
新北市,板橋區,松柏里,65000010-118
新北市,板橋區,文聖里,65000010-119
新北市,板橋區,居仁里,65000010-120
新北市,板橋區,莊敬里,65000010-121
新北市,板橋區,東安里,65000010-122
新北市,板橋區,五權里,65000010-123
新北市,板橋區,溪福里,65000010-124
新北市,板橋區,大觀里,65000010-125
新北市,板橋區,歡園里,65000010-126
新北市,三重區,大有里,65000020-001
新北市,三重區,二重里,65000020-002
新北市,三重區,頂崁里,65000020-003
新北市,三重區,谷王里,65000020-004
新北市,三重區,中興里,65000020-005
新北市,三重區,德厚里,65000020-006
新北市,三重區,成功里,65000020-007
新北市,三重區,福祉里,65000020-008
新北市,三重區,福民里,65000020-009
新北市,三重區,過田里,65000020-010
新北市,三重區,錦田里,65000020-011
新北市,三重區,重明里,65000020-012
新北市,三重區,光田里,65000020-013
新北市,三重區,光陽里,65000020-014
新北市,三重區,田心里,65000020-015
新北市,三重區,福田里,65000020-016
新北市,三重區,田中里,65000020-017
新北市,三重區,田安里,65000020-018
新北市,三重區,三民里,65000020-019
新北市,三重區,光明里,65000020-020
新北市,三重區,光正里,65000020-021
新北市,三重區,同安里,65000020-022
新北市,三重區,同慶里,65000020-023
新北市,三重區,菜寮里,65000020-024
新北市,三重區,永春里,65000020-025
新北市,三重區,中正里,65000020-026
新北市,三重區,吉利里,65000020-027
新北市,三重區,大同里,65000020-028
新北市,三重區,中民里,65000020-029
新北市,三重區,平和里,65000020-030
新北市,三重區,大安里,65000020-031
新北市,三重區,仁德里,65000020-032
新北市,三重區,忠孝里,65000020-033
新北市,三重區,仁義里,65000020-034
新北市,三重區,光榮里,65000020-035
新北市,三重區,光輝里,65000020-036
新北市,三重區,福星里,65000020-037
新北市,三重區,福利里,65000020-038
新北市,三重區,清和里,65000020-039
新北市,三重區,永興里,65000020-040
新北市,三重區,中山里,65000020-041
新北市,三重區,大園里,65000020-042
新北市,三重區,國隆里,65000020-043
新北市,三重區,重陽里,65000020-044
新北市,三重區,民生里,65000020-045
新北市,三重區,重新里,65000020-046
新北市,三重區,正德里,65000020-047
新北市,三重區,正義里,65000020-048
新北市,三重區,正安里,65000020-049
新北市,三重區,自強里,65000020-050
新北市,三重區,文化里,65000020-051
新北市,三重區,中央里,65000020-052
新北市,三重區,雙園里,65000020-053
新北市,三重區,錦通里,65000020-054
新北市,三重區,錦安里,65000020-055
新北市,三重區,長安里,65000020-056
新北市,三重區,光華里,65000020-057
新北市,三重區,長生里,65000020-058
新北市,三重區,開元里,65000020-059
新北市,三重區,大德里,65000020-060
新北市,三重區,長元里,65000020-061
新北市,三重區,長江里,65000020-062
新北市,三重區,長泰里,65000020-063
新北市,三重區,長福里,65000020-064
新北市,三重區,介壽里,65000020-065
新北市,三重區,萬壽里,65000020-066
新北市,三重區,錦江里,65000020-067
新北市,三重區,龍濱里,65000020-068
新北市,三重區,龍門里,65000020-069
新北市,三重區,秀江里,65000020-070
新北市,三重區,奕壽里,65000020-071
新北市,三重區,三安里,65000020-072
新北市,三重區,福安里,65000020-073
新北市,三重區,信安里,65000020-074
新北市,三重區,安慶里,65000020-075
新北市,三重區,幸福里,65000020-076
新北市,三重區,六合里,65000020-077
新北市,三重區,六福里,65000020-078
新北市,三重區,順德里,65000020-079
新北市,三重區,承德里,65000020-080
新北市,三重區,瑞德里,65000020-081
新北市,三重區,崇德里,65000020-082
新北市,三重區,厚德里,65000020-083
新北市,三重區,維德里,65000020-084
新北市,三重區,尚德里,65000020-085
新北市,三重區,培德里,65000020-086
新北市,三重區,永德里,65000020-087
新北市,三重區,永盛里,65000020-088
新北市,三重區,永福里,65000020-089
新北市,三重區,永清里,65000020-090
新北市,三重區,永安里,65000020-091
新北市,三重區,永煇里,65000020-092
新北市,三重區,溪美里,65000020-093
新北市,三重區,福隆里,65000020-094
新北市,三重區,五常里,65000020-095
新北市,三重區,五福里,65000020-096
新北市,三重區,仁忠里,65000020-097
新北市,三重區,慈福里,65000020-098
新北市,三重區,慈生里,65000020-099
新北市,三重區,慈惠里,65000020-100
新北市,三重區,慈愛里,65000020-101
新北市,三重區,慈化里,65000020-102
新北市,三重區,慈祐里,65000020-103
新北市,三重區,五華里,65000020-104
新北市,三重區,富貴里,65000020-105
新北市,三重區,富華里,65000020-106
新北市,三重區,富福里,65000020-107
新北市,三重區,碧華里,65000020-108
新北市,三重區,五谷里,65000020-109
新北市,三重區,博愛里,65000020-110
新北市,三重區,福德里,65000020-111
新北市,三重區,永吉里,65000020-112
新北市,三重區,永發里,65000020-113
新北市,三重區,永順里,65000020-114
新北市,三重區,永豐里,65000020-115
新北市,三重區,立德里,65000020-116
新北市,三重區,福樂里,65000020-117
新北市,三重區,仁華里,65000020-118
新北市,三重區,五順里,65000020-119
新北市,中和區,中原里,65000030-001
新北市,中和區,平河里,65000030-002
新北市,中和區,信和里,65000030-003
新北市,中和區,仁和里,65000030-004
新北市,中和區,中正里,65000030-005
新北市,中和區,建和里,65000030-006
新北市,中和區,連和里,65000030-007
新北市,中和區,連城里,65000030-008
新北市,中和區,力行里,65000030-009
新北市,中和區,枋寮里,65000030-010
新北市,中和區,漳和里,65000030-011
新北市,中和區,廟美里,65000030-012
新北市,中和區,福真里,65000030-013
新北市,中和區,福善里,65000030-014
新北市,中和區,福美里,65000030-015
新北市,中和區,福祥里,65000030-016
新北市,中和區,瓦磘里,65000030-017
新北市,中和區,福和里,65000030-018
新北市,中和區,佳和里,65000030-019
新北市,中和區,安樂里,65000030-020
新北市,中和區,安和里,65000030-021
新北市,中和區,安平里,65000030-022
新北市,中和區,中安里,65000030-023
新北市,中和區,泰安里,65000030-024
新北市,中和區,新南里,65000030-025
新北市,中和區,南山里,65000030-026
新北市,中和區,秀山里,65000030-027
新北市,中和區,秀成里,65000030-028
新北市,中和區,秀福里,65000030-029
新北市,中和區,秀景里,65000030-030
新北市,中和區,秀明里,65000030-031
新北市,中和區,秀峰里,65000030-032
新北市,中和區,秀仁里,65000030-033
新北市,中和區,頂南里,65000030-034
新北市,中和區,華新里,65000030-035
新北市,中和區,東南里,65000030-036
新北市,中和區,華南里,65000030-037
新北市,中和區,忠孝里,65000030-038
新北市,中和區,崇南里,65000030-039
新北市,中和區,景南里,65000030-040
新北市,中和區,橫路里,65000030-041
新北市,中和區,內南里,65000030-042
新北市,中和區,壽南里,65000030-043
新北市,中和區,外南里,65000030-044
新北市,中和區,復興里,65000030-045
新北市,中和區,和興里,65000030-046
新北市,中和區,景平里,65000030-047
新北市,中和區,景新里,65000030-048
新北市,中和區,景福里,65000030-049
新北市,中和區,景安里,65000030-050
新北市,中和區,景文里,65000030-051
新北市,中和區,錦和里,65000030-052
新北市,中和區,錦昌里,65000030-053
新北市,中和區,灰磘里,65000030-054
新北市,中和區,積穗里,65000030-055
新北市,中和區,民享里,65000030-056
新北市,中和區,員山里,65000030-057
新北市,中和區,嘉穗里,65000030-058
新北市,中和區,文元里,65000030-059
新北市,中和區,嘉新里,65000030-060
新北市,中和區,民安里,65000030-061
新北市,中和區,安穗里,65000030-062
新北市,中和區,瑞穗里,65000030-063
新北市,中和區,明穗里,65000030-064
新北市,中和區,清穗里,65000030-065
新北市,中和區,自強里,65000030-066
新北市,中和區,德穗里,65000030-067
新北市,中和區,民生里,65000030-068
新北市,中和區,國光里,65000030-069
新北市,中和區,壽德里,65000030-070
新北市,中和區,明德里,65000030-071
新北市,中和區,秀水里,65000030-072
新北市,中和區,德行里,65000030-073
新北市,中和區,宜安里,65000030-074
新北市,中和區,安順里,65000030-075
新北市,中和區,秀義里,65000030-076
新北市,中和區,秀士里,65000030-077
新北市,中和區,興南里,65000030-078
新北市,中和區,景本里,65000030-079
新北市,中和區,福南里,65000030-080
新北市,中和區,中興里,65000030-081
新北市,中和區,吉興里,65000030-082
新北市,中和區,中山里,65000030-083
新北市,中和區,碧河里,65000030-084
新北市,中和區,錦中里,65000030-085
新北市,中和區,錦盛里,65000030-086
新北市,中和區,民有里,65000030-087
新北市,中和區,員富里,65000030-088
新北市,中和區,嘉慶里,65000030-089
新北市,中和區,冠穗里,65000030-090
新北市,中和區,國華里,65000030-091
新北市,中和區,正南里,65000030-092
新北市,中和區,正行里,65000030-093
新北市,永和區,福林里,65000040-001
新北市,永和區,文化里,65000040-002
新北市,永和區,豫溪里,65000040-003
新北市,永和區,光明里,65000040-004
新北市,永和區,仁愛里,65000040-005
新北市,永和區,永貞里,65000040-006
新北市,永和區,永福里,65000040-007
新北市,永和區,民治里,65000040-008
新北市,永和區,永成里,65000040-009
新北市,永和區,忠義里,65000040-010
新北市,永和區,永元里,65000040-011
新北市,永和區,秀林里,65000040-012
新北市,永和區,保安里,65000040-013
新北市,永和區,中溪里,65000040-014
新北市,永和區,永安里,65000040-015
新北市,永和區,民族里,65000040-016
新北市,永和區,民權里,65000040-017
新北市,永和區,中興里,65000040-018
新北市,永和區,勵行里,65000040-019
新北市,永和區,秀朗里,65000040-020
新北市,永和區,秀成里,65000040-021
新北市,永和區,上溪里,65000040-022
新北市,永和區,竹林里,65000040-023
新北市,永和區,雙和里,65000040-024
新北市,永和區,安和里,65000040-025
新北市,永和區,水源里,65000040-026
新北市,永和區,協和里,65000040-027
新北市,永和區,河堤里,65000040-028
新北市,永和區,頂溪里,65000040-029
新北市,永和區,潭墘里,65000040-030
新北市,永和區,潭安里,65000040-031
新北市,永和區,大新里,65000040-032
新北市,永和區,保平里,65000040-033
新北市,永和區,民本里,65000040-034
新北市,永和區,民樂里,65000040-035
新北市,永和區,光復里,65000040-036
新北市,永和區,復興里,65000040-037
新北市,永和區,福和里,65000040-038
新北市,永和區,得和里,65000040-039
新北市,永和區,智光里,65000040-040
新北市,永和區,新生里,65000040-041
新北市,永和區,大同里,65000040-042
新北市,永和區,前溪里,65000040-043
新北市,永和區,和平里,65000040-044
新北市,永和區,新廍里,65000040-045
新北市,永和區,下溪里,65000040-046
新北市,永和區,秀和里,65000040-047
新北市,永和區,河濱里,65000040-048
新北市,永和區,民生里,65000040-049
新北市,永和區,秀得里,65000040-050
新北市,永和區,上林里,65000040-051
新北市,永和區,網溪里,65000040-052
新北市,永和區,正興里,65000040-053
新北市,永和區,永興里,65000040-054
新北市,永和區,桂林里,65000040-055
新北市,永和區,店街里,65000040-056
新北市,永和區,信義里,65000040-057
新北市,永和區,後溪里,65000040-058
新北市,永和區,民富里,65000040-059
新北市,永和區,秀元里,65000040-060
新北市,永和區,永樂里,65000040-061
新北市,永和區,保順里,65000040-062
新北市,新莊區,海山里,65000050-001
新北市,新莊區,頭前里,65000050-002
新北市,新莊區,國泰里,65000050-003
新北市,新莊區,全安里,65000050-004
新北市,新莊區,福基里,65000050-005
新北市,新莊區,豐年里,65000050-006
新北市,新莊區,忠孝里,65000050-007
新北市,新莊區,恆安里,65000050-008
新北市,新莊區,後港里,65000050-009
新北市,新莊區,文衡里,65000050-010
新北市,新莊區,中美里,65000050-011
新北市,新莊區,八德里,65000050-012
新北市,新莊區,興漢里,65000050-013
新北市,新莊區,中和里,65000050-014
新北市,新莊區,西盛里,65000050-015
新北市,新莊區,榮和里,65000050-016
新北市,新莊區,中泰里,65000050-017
新北市,新莊區,瓊林里,65000050-018
新北市,新莊區,文德里,65000050-019
新北市,新莊區,中誠里,65000050-020
新北市,新莊區,裕民里,65000050-021
新北市,新莊區,文明里,65000050-022
新北市,新莊區,中港里,65000050-023
新北市,新莊區,富國里,65000050-024
新北市,新莊區,思源里,65000050-025
新北市,新莊區,立人里,65000050-026
新北市,新莊區,南港里,65000050-027
新北市,新莊區,仁愛里,65000050-028
新北市,新莊區,立德里,65000050-029
新北市,新莊區,信義里,65000050-030
新北市,新莊區,立言里,65000050-031
新北市,新莊區,民安里,65000050-032
新北市,新莊區,和平里,65000050-033
新北市,新莊區,立功里,65000050-034
新北市,新莊區,民本里,65000050-035
新北市,新莊區,化成里,65000050-036
新北市,新莊區,立志里,65000050-037
新北市,新莊區,光華里,65000050-038
新北市,新莊區,思賢里,65000050-039
新北市,新莊區,營盤里,65000050-040
新北市,新莊區,光榮里,65000050-041
新北市,新莊區,自強里,65000050-042
新北市,新莊區,丹鳳里,65000050-043
新北市,新莊區,光明里,65000050-044
新北市,新莊區,自立里,65000050-045
新北市,新莊區,合鳳里,65000050-046
新北市,新莊區,幸福里,65000050-047
新北市,新莊區,雙鳳里,65000050-048
新北市,新莊區,自信里,65000050-049
新北市,新莊區,龍鳳里,65000050-050
新北市,新莊區,中華里,65000050-051
新北市,新莊區,中隆里,65000050-052
新北市,新莊區,中原里,65000050-053
新北市,新莊區,中信里,65000050-054
新北市,新莊區,四維里,65000050-055
新北市,新莊區,建福里,65000050-056
新北市,新莊區,中宏里,65000050-057
新北市,新莊區,中全里,65000050-058
新北市,新莊區,立泰里,65000050-059
新北市,新莊區,全泰里,65000050-060
新北市,新莊區,仁義里,65000050-061
新北市,新莊區,立基里,65000050-062
新北市,新莊區,昌明里,65000050-063
新北市,新莊區,昌平里,65000050-064
新北市,新莊區,文聖里,65000050-065
新北市,新莊區,萬安里,65000050-066
新北市,新莊區,龍安里,65000050-067
新北市,新莊區,福營里,65000050-068
新北市,新莊區,後德里,65000050-069
新北市,新莊區,建安里,65000050-070
新北市,新莊區,成德里,65000050-071
新北市,新莊區,福興里,65000050-072
新北市,新莊區,昌信里,65000050-073
新北市,新莊區,昌隆里,65000050-074
新北市,新莊區,中平里,65000050-075
新北市,新莊區,立廷里,65000050-076
新北市,新莊區,泰豐里,65000050-077
新北市,新莊區,富民里,65000050-078
新北市,新莊區,龍福里,65000050-079
新北市,新莊區,祥鳳里,65000050-080
新北市,新莊區,民全里,65000050-081
新北市,新莊區,民有里,65000050-082
新北市,新莊區,光正里,65000050-083
新北市,新莊區,光和里,65000050-084
新北市,新店區,國豐里,65000060-001
新北市,新店區,明德里,65000060-002
新北市,新店區,大豐里,65000060-003
新北市,新店區,大同里,65000060-004
新北市,新店區,江陵里,65000060-005
新北市,新店區,寶興里,65000060-006
新北市,新店區,寶安里,65000060-007
新北市,新店區,信義里,65000060-008
新北市,新店區,忠孝里,65000060-009
新北市,新店區,大鵬里,65000060-010
新北市,新店區,太平里,65000060-011
新北市,新店區,頂城里,65000060-012
新北市,新店區,下城里,65000060-013
新北市,新店區,柴埕里,65000060-014
新北市,新店區,永安里,65000060-015
新北市,新店區,公崙里,65000060-016
新北市,新店區,德安里,65000060-017
新北市,新店區,雙城里,65000060-018
新北市,新店區,日興里,65000060-019
新北市,新店區,玫瑰里,65000060-020
新北市,新店區,塗潭里,65000060-021
新北市,新店區,美潭里,65000060-022
新北市,新店區,員潭里,65000060-023
新北市,新店區,雙坑里,65000060-024
新北市,新店區,粗坑里,65000060-025
新北市,新店區,屈尺里,65000060-026
新北市,新店區,龜山里,65000060-027
新北市,新店區,廣興里,65000060-028
新北市,新店區,直潭里,65000060-029
新北市,新店區,青潭里,65000060-030
新北市,新店區,新店里,65000060-031
新北市,新店區,張南里,65000060-032
新北市,新店區,國校里,65000060-033
新北市,新店區,文中里,65000060-034
新北市,新店區,廣明里,65000060-035
新北市,新店區,文明里,65000060-036
新北市,新店區,中興里,65000060-037
新北市,新店區,新生里,65000060-038
新北市,新店區,新德里,65000060-039
新北市,新店區,張北里,65000060-040
新北市,新店區,五峯里,65000060-041
新北市,新店區,新安里,65000060-042
新北市,新店區,忠誠里,65000060-043
新北市,新店區,中正里,65000060-044
新北市,新店區,中華里,65000060-045
新北市,新店區,仁愛里,65000060-046
新北市,新店區,百忍里,65000060-047
新北市,新店區,百和里,65000060-048
新北市,新店區,福德里,65000060-049
新北市,新店區,百福里,65000060-050
新北市,新店區,福民里,65000060-051
新北市,新店區,中山里,65000060-052
新北市,新店區,和平里,65000060-053
新北市,新店區,中央里,65000060-054
新北市,新店區,明城里,65000060-055
新北市,新店區,安和里,65000060-056
新北市,新店區,吉祥里,65000060-057
新北市,新店區,寶福里,65000060-058
新北市,新店區,小城里,65000060-059
新北市,新店區,香坡里,65000060-060
新北市,新店區,建國里,65000060-061
新北市,新店區,復興里,65000060-062
新北市,新店區,美城里,65000060-063
新北市,新店區,安昌里,65000060-064
新北市,新店區,長春里,65000060-065
新北市,新店區,新和里,65000060-066
新北市,新店區,永平里,65000060-067
新北市,新店區,達觀里,65000060-068
新北市,新店區,華城里,65000060-069
新北市,樹林區,三多里,65000070-001
新北市,樹林區,三福里,65000070-002
新北市,樹林區,三興里,65000070-003
新北市,樹林區,圳安里,65000070-004
新北市,樹林區,保安里,65000070-005
新北市,樹林區,潭底里,65000070-006
新北市,樹林區,獇寮里,65000070-007
新北市,樹林區,樹德里,65000070-008
新北市,樹林區,樹西里,65000070-009
新北市,樹林區,樹南里,65000070-010
新北市,樹林區,樹人里,65000070-011
新北市,樹林區,坡內里,65000070-012
新北市,樹林區,樹東里,65000070-013
新北市,樹林區,大同里,65000070-014
新北市,樹林區,和平里,65000070-015
新北市,樹林區,彭厝里,65000070-016
新北市,樹林區,彭福里,65000070-017
新北市,樹林區,東山里,65000070-018
新北市,樹林區,東陽里,65000070-019
新北市,樹林區,東昇里,65000070-020
新北市,樹林區,樂山里,65000070-021
新北市,樹林區,東園里,65000070-022
新北市,樹林區,西園里,65000070-023
新北市,樹林區,南園里,65000070-024
新北市,樹林區,北園里,65000070-025
新北市,樹林區,柑園里,65000070-026
新北市,樹林區,樹北里,65000070-027
新北市,樹林區,圳福里,65000070-028
新北市,樹林區,樹興里,65000070-029
新北市,樹林區,樹福里,65000070-030
新北市,樹林區,光興里,65000070-031
新北市,樹林區,金寮里,65000070-032
新北市,樹林區,彭興里,65000070-033
新北市,樹林區,文林里,65000070-034
新北市,樹林區,山佳里,65000070-035
新北市,樹林區,中山里,65000070-036
新北市,樹林區,育英里,65000070-037
新北市,樹林區,中華里,65000070-038
新北市,樹林區,太順里,65000070-039
新北市,樹林區,圳民里,65000070-040
新北市,樹林區,圳生里,65000070-041
新北市,樹林區,三龍里,65000070-042
新北市,鶯歌區,東鶯里,65000080-001
新北市,鶯歌區,西鶯里,65000080-002
新北市,鶯歌區,南鶯里,65000080-003
新北市,鶯歌區,北鶯里,65000080-004
新北市,鶯歌區,中鶯里,65000080-005
新北市,鶯歌區,建德里,65000080-006
新北市,鶯歌區,同慶里,65000080-007
新北市,鶯歌區,永昌里,65000080-008
新北市,鶯歌區,南靖里,65000080-009
新北市,鶯歌區,尖山里,65000080-010
新北市,鶯歌區,二橋里,65000080-011
新北市,鶯歌區,二甲里,65000080-012
新北市,鶯歌區,東湖里,65000080-013
新北市,鶯歌區,大湖里,65000080-014
新北市,鶯歌區,鳳鳴里,65000080-015
新北市,鶯歌區,鳳福里,65000080-016
新北市,鶯歌區,永吉里,65000080-017
新北市,鶯歌區,中湖里,65000080-018
新北市,鶯歌區,鳳祥里,65000080-019
新北市,鶯歌區,建國里,65000080-020
新北市,三峽區,三峽里,65000090-001
新北市,三峽區,秀川里,65000090-002
新北市,三峽區,八張里,65000090-003
新北市,三峽區,中埔里,65000090-004
新北市,三峽區,弘道里,65000090-005
新北市,三峽區,永舘里,65000090-006
新北市,三峽區,礁溪里,65000090-007
新北市,三峽區,鳶山里,65000090-008
新北市,三峽區,龍埔里,65000090-009
新北市,三峽區,大埔里,65000090-010
新北市,三峽區,嘉添里,65000090-011
新北市,三峽區,添福里,65000090-012
新北市,三峽區,金圳里,65000090-013
新北市,三峽區,五寮里,65000090-014
新北市,三峽區,插角里,65000090-015
新北市,三峽區,有木里,65000090-016
新北市,三峽區,溪北里,65000090-017
新北市,三峽區,溪南里,65000090-018
新北市,三峽區,溪東里,65000090-019
新北市,三峽區,成福里,65000090-020
新北市,三峽區,安坑里,65000090-021
新北市,三峽區,竹崙里,65000090-022
新北市,三峽區,介壽里,65000090-023
新北市,三峽區,安溪里,65000090-024
新北市,三峽區,中正里,65000090-025
新北市,三峽區,二鬮里,65000090-026
新北市,三峽區,龍學里,65000090-027
新北市,三峽區,龍恩里,65000090-028
新北市,淡水區,中和里,65000100-001
新北市,淡水區,屯山里,65000100-002
新北市,淡水區,賢孝里,65000100-003
新北市,淡水區,興仁里,65000100-004
新北市,淡水區,蕃薯里,65000100-005
新北市,淡水區,義山里,65000100-006
新北市,淡水區,忠山里,65000100-007
新北市,淡水區,崁頂里,65000100-008
新北市,淡水區,埤島里,65000100-009
新北市,淡水區,新興里,65000100-010
新北市,淡水區,水碓里,65000100-011
新北市,淡水區,北投里,65000100-012
新北市,淡水區,水源里,65000100-013
新北市,淡水區,忠寮里,65000100-014
新北市,淡水區,樹興里,65000100-015
新北市,淡水區,坪頂里,65000100-016
新北市,淡水區,福德里,65000100-017
新北市,淡水區,竹圍里,65000100-018
新北市,淡水區,民生里,65000100-019
新北市,淡水區,八勢里,65000100-020
新北市,淡水區,竿蓁里,65000100-021
新北市,淡水區,鄧公里,65000100-022
新北市,淡水區,中興里,65000100-023
新北市,淡水區,長庚里,65000100-024
新北市,淡水區,清文里,65000100-025
新北市,淡水區,草東里,65000100-026
新北市,淡水區,協元里,65000100-027
新北市,淡水區,永吉里,65000100-028
新北市,淡水區,民安里,65000100-029
新北市,淡水區,新生里,65000100-030
新北市,淡水區,文化里,65000100-031
新北市,淡水區,油車里,65000100-032
新北市,淡水區,沙崙里,65000100-033
新北市,淡水區,新義里,65000100-034
新北市,淡水區,新春里,65000100-035
新北市,淡水區,新民里,65000100-036
新北市,淡水區,正德里,65000100-037
新北市,淡水區,北新里,65000100-038
新北市,淡水區,民權里,65000100-039
新北市,淡水區,幸福里,65000100-040
新北市,淡水區,學府里,65000100-041
新北市,淡水區,大庄里,65000100-042
新北市,汐止區,義民里,65000110-001
新北市,汐止區,禮門里,65000110-002
新北市,汐止區,智慧里,65000110-003
新北市,汐止區,信望里,65000110-004
新北市,汐止區,橋東里,65000110-005
新北市,汐止區,秀峰里,65000110-006
新北市,汐止區,新昌里,65000110-007
新北市,汐止區,復興里,65000110-008
新北市,汐止區,茄苳里,65000110-009
新北市,汐止區,長安里,65000110-010
新北市,汐止區,保安里,65000110-011
新北市,汐止區,保長里,65000110-012
新北市,汐止區,鄉長里,65000110-013
新北市,汐止區,江北里,65000110-014
新北市,汐止區,拱北里,65000110-015
新北市,汐止區,烘內里,65000110-016
新北市,汐止區,八連里,65000110-017
新北市,汐止區,樟樹里,65000110-018
新北市,汐止區,北峰里,65000110-019
新北市,汐止區,北山里,65000110-020
新北市,汐止區,白雲里,65000110-021
新北市,汐止區,橫科里,65000110-022
新北市,汐止區,東山里,65000110-023
新北市,汐止區,福山里,65000110-024
新北市,汐止區,宜興里,65000110-025
新北市,汐止區,中興里,65000110-026
新北市,汐止區,湖光里,65000110-027
新北市,汐止區,仁德里,65000110-028
新北市,汐止區,厚德里,65000110-029
新北市,汐止區,忠孝里,65000110-030
新北市,汐止區,自強里,65000110-031
新北市,汐止區,文化里,65000110-032
新北市,汐止區,金龍里,65000110-033
新北市,汐止區,福德里,65000110-034
新北市,汐止區,興福里,65000110-035
新北市,汐止區,康福里,65000110-036
新北市,汐止區,忠山里,65000110-037
新北市,汐止區,環河里,65000110-038
新北市,汐止區,東勢里,65000110-039
新北市,汐止區,山光里,65000110-040
新北市,汐止區,大同里,65000110-041
新北市,汐止區,崇德里,65000110-042
新北市,汐止區,湖興里,65000110-043
新北市,汐止區,長青里,65000110-044
新北市,汐止區,福安里,65000110-045
新北市,汐止區,秀山里,65000110-046
新北市,汐止區,建成里,65000110-047
新北市,汐止區,城中里,65000110-048
新北市,汐止區,湖蓮里,65000110-049
新北市,汐止區,保新里,65000110-050
新北市,瑞芳區,龍潭里,65000120-001
新北市,瑞芳區,龍興里,65000120-002
新北市,瑞芳區,龍鎮里,65000120-003
新北市,瑞芳區,龍川里,65000120-004
新北市,瑞芳區,龍山里,65000120-005
新北市,瑞芳區,龍安里,65000120-006
新北市,瑞芳區,爪峯里,65000120-007
新北市,瑞芳區,柑坪里,65000120-008
新北市,瑞芳區,東和里,65000120-009
新北市,瑞芳區,上天里,65000120-010
新北市,瑞芳區,吉慶里,65000120-011
新北市,瑞芳區,吉安里,65000120-012
新北市,瑞芳區,傑魚里,65000120-013
新北市,瑞芳區,猴硐里,65000120-014
新北市,瑞芳區,光復里,65000120-015
新北市,瑞芳區,弓橋里,65000120-016
新北市,瑞芳區,碩仁里,65000120-017
新北市,瑞芳區,基山里,65000120-018
新北市,瑞芳區,永慶里,65000120-019
新北市,瑞芳區,崇文里,65000120-020
新北市,瑞芳區,福住里,65000120-021
新北市,瑞芳區,頌德里,65000120-022
新北市,瑞芳區,新山里,65000120-023
新北市,瑞芳區,瓜山里,65000120-024
新北市,瑞芳區,銅山里,65000120-025
新北市,瑞芳區,石山里,65000120-026
新北市,瑞芳區,濓新里,65000120-027
新北市,瑞芳區,濓洞里,65000120-028
新北市,瑞芳區,海濱里,65000120-029
新北市,瑞芳區,瑞濱里,65000120-030
新北市,瑞芳區,深澳里,65000120-031
新北市,瑞芳區,南雅里,65000120-032
新北市,瑞芳區,鼻頭里,65000120-033
新北市,瑞芳區,新峰里,65000120-034
新北市,土城區,埤塘里,65000130-001
新北市,土城區,土城里,65000130-002
新北市,土城區,員林里,65000130-003
新北市,土城區,員仁里,65000130-004
新北市,土城區,長風里,65000130-005
新北市,土城區,日新里,65000130-006
新北市,土城區,日和里,65000130-007
新北市,土城區,貨饒里,65000130-008
新北市,土城區,柑林里,65000130-009
新北市,土城區,埤林里,65000130-010
新北市,土城區,瑞興里,65000130-011
新北市,土城區,清水里,65000130-012
新北市,土城區,清和里,65000130-013
新北市,土城區,永豐里,65000130-014
新北市,土城區,清化里,65000130-015
新北市,土城區,清溪里,65000130-016
新北市,土城區,峯廷里,65000130-017
新北市,土城區,平和里,65000130-018
新北市,土城區,廷寮里,65000130-019
新北市,土城區,大安里,65000130-020
新北市,土城區,永寧里,65000130-021
新北市,土城區,沛陂里,65000130-022
新北市,土城區,頂埔里,65000130-023
新北市,土城區,頂福里,65000130-024
新北市,土城區,頂新里,65000130-025
新北市,土城區,祖田里,65000130-026
新北市,土城區,樂利里,65000130-027
新北市,土城區,廣福里,65000130-028
新北市,土城區,學府里,65000130-029
新北市,土城區,延壽里,65000130-030
新北市,土城區,安和里,65000130-031
新北市,土城區,青雲里,65000130-032
新北市,土城區,員福里,65000130-033
新北市,土城區,延吉里,65000130-034
新北市,土城區,復興里,65000130-035
新北市,土城區,裕生里,65000130-036
新北市,土城區,員信里,65000130-037
新北市,土城區,永富里,65000130-038
新北市,土城區,學成里,65000130-039
新北市,土城區,延和里,65000130-040
新北市,土城區,中正里,65000130-041
新北市,土城區,學士里,65000130-042
新北市,土城區,明德里,65000130-043
新北市,土城區,廣興里,65000130-044
新北市,土城區,青山里,65000130-045
新北市,土城區,金城里,65000130-046
新北市,土城區,延祿里,65000130-047
新北市,蘆洲區,正義里,65000140-001
新北市,蘆洲區,中原里,65000140-002
新北市,蘆洲區,中路里,65000140-003
新北市,蘆洲區,光華里,65000140-004
新北市,蘆洲區,保佑里,65000140-005
新北市,蘆洲區,水湳里,65000140-006
新北市,蘆洲區,樓厝里,65000140-007
新北市,蘆洲區,鷺江里,65000140-008
新北市,蘆洲區,恆德里,65000140-009
新北市,蘆洲區,溪墘里,65000140-010
新北市,蘆洲區,樹德里,65000140-011
新北市,蘆洲區,保和里,65000140-012
新北市,蘆洲區,仁復里,65000140-013
新北市,蘆洲區,得勝里,65000140-014
新北市,蘆洲區,南港里,65000140-015
新北市,蘆洲區,永樂里,65000140-016
新北市,蘆洲區,永康里,65000140-017
新北市,蘆洲區,信義里,65000140-018
新北市,蘆洲區,玉清里,65000140-019
新北市,蘆洲區,復興里,65000140-020
新北市,蘆洲區,水河里,65000140-021
新北市,蘆洲區,仁愛里,65000140-022
新北市,蘆洲區,忠義里,65000140-023
新北市,蘆洲區,九芎里,65000140-024
新北市,蘆洲區,中華里,65000140-025
新北市,蘆洲區,得仁里,65000140-026
新北市,蘆洲區,仁德里,65000140-027
新北市,蘆洲區,仁義里,65000140-028
新北市,蘆洲區,光明里,65000140-029
新北市,蘆洲區,保新里,65000140-030
新北市,蘆洲區,長安里,65000140-031
新北市,蘆洲區,民和里,65000140-032
新北市,蘆洲區,忠孝里,65000140-033
新北市,蘆洲區,福安里,65000140-034
新北市,蘆洲區,永安里,65000140-035
新北市,蘆洲區,延平里,65000140-036
新北市,蘆洲區,成功里,65000140-037
新北市,蘆洲區,永德里,65000140-038
新北市,五股區,興珍里,65000150-001
新北市,五股區,更寮里,65000150-002
新北市,五股區,集福里,65000150-003
新北市,五股區,觀音里,65000150-004
新北市,五股區,成州里,65000150-005
新北市,五股區,成功里,65000150-006
新北市,五股區,五龍里,65000150-007
新北市,五股區,五股里,65000150-008
新北市,五股區,五福里,65000150-009
新北市,五股區,德音里,65000150-010
新北市,五股區,陸一里,65000150-011
新北市,五股區,貿商里,65000150-012
新北市,五股區,德泰里,65000150-013
新北市,五股區,成德里,65000150-014
新北市,五股區,六福里,65000150-015
新北市,五股區,集賢里,65000150-016
新北市,五股區,民義里,65000150-017
新北市,五股區,成泰里,65000150-018
新北市,五股區,水碓里,65000150-019
新北市,五股區,福德里,65000150-020
新北市,泰山區,大科里,65000160-001
新北市,泰山區,黎明里,65000160-002
新北市,泰山區,山腳里,65000160-003
新北市,泰山區,福泰里,65000160-004
新北市,泰山區,楓樹里,65000160-005
新北市,泰山區,同榮里,65000160-006
新北市,泰山區,義學里,65000160-007
新北市,泰山區,明志里,65000160-008
新北市,泰山區,貴子里,65000160-009
新北市,泰山區,貴和里,65000160-010
新北市,泰山區,同興里,65000160-011
新北市,泰山區,義仁里,65000160-012
新北市,泰山區,泰友里,65000160-013
新北市,泰山區,新明里,65000160-014
新北市,泰山區,貴賢里,65000160-015
新北市,泰山區,福興里,65000160-016
新北市,泰山區,全興里,65000160-017
新北市,林口區,東林里,65000170-001
新北市,林口區,林口里,65000170-002
新北市,林口區,西林里,65000170-003
新北市,林口區,菁湖里,65000170-004
新北市,林口區,中湖里,65000170-005
新北市,林口區,湖北里,65000170-006
新北市,林口區,湖南里,65000170-007
新北市,林口區,南勢里,65000170-008
新北市,林口區,東勢里,65000170-009
新北市,林口區,頂福里,65000170-010
新北市,林口區,下福里,65000170-011
新北市,林口區,嘉寶里,65000170-012
新北市,林口區,瑞平里,65000170-013
新北市,林口區,太平里,65000170-014
新北市,林口區,仁愛里,65000170-015
新北市,林口區,麗林里,65000170-016
新北市,林口區,麗園里,65000170-017
新北市,深坑區,深坑里,65000180-001
新北市,深坑區,萬順里,65000180-002
新北市,深坑區,土庫里,65000180-003
新北市,深坑區,昇高里,65000180-004
新北市,深坑區,阿柔里,65000180-005
新北市,深坑區,埔新里,65000180-006
新北市,深坑區,萬福里,65000180-007
新北市,深坑區,賴仲里,65000180-008
新北市,石碇區,石碇里,65000190-001
新北市,石碇區,潭邊里,65000190-002
新北市,石碇區,隆盛里,65000190-003
新北市,石碇區,烏塗里,65000190-004
新北市,石碇區,彭山里,65000190-005
新北市,石碇區,豐田里,65000190-006
新北市,石碇區,永定里,65000190-007
新北市,石碇區,中民里,65000190-008
新北市,石碇區,光明里,65000190-009
新北市,石碇區,豐林里,65000190-010
新北市,石碇區,永安里,65000190-011
新北市,石碇區,格頭里,65000190-012
新北市,坪林區,粗窟里,65000200-001
新北市,坪林區,坪林里,65000200-002
新北市,坪林區,大林里,65000200-003
新北市,坪林區,石𥕢里,65000200-004
新北市,坪林區,上德里,65000200-005
新北市,坪林區,水德里,65000200-006
新北市,坪林區,漁光里,65000200-007
新北市,三芝區,八賢里,65000210-001
新北市,三芝區,埔頭里,65000210-002
新北市,三芝區,古庄里,65000210-003
新北市,三芝區,新庄里,65000210-004
新北市,三芝區,埔坪里,65000210-005
新北市,三芝區,茂長里,65000210-006
新北市,三芝區,橫山里,65000210-007
新北市,三芝區,錫板里,65000210-008
新北市,三芝區,後厝里,65000210-009
新北市,三芝區,福德里,65000210-010
新北市,三芝區,圓山里,65000210-011
新北市,三芝區,店子里,65000210-012
新北市,三芝區,興華里,65000210-013
新北市,石門區,德茂里,65000220-001
新北市,石門區,富基里,65000220-002
新北市,石門區,老梅里,65000220-003
新北市,石門區,山溪里,65000220-004
新北市,石門區,石門里,65000220-005
新北市,石門區,尖鹿里,65000220-006
新北市,石門區,乾華里,65000220-007
新北市,石門區,茂林里,65000220-008
新北市,石門區,草里里,65000220-009
新北市,八里區,龍源里,65000230-001
新北市,八里區,米倉里,65000230-002
新北市,八里區,大崁里,65000230-003
新北市,八里區,埤頭里,65000230-004
新北市,八里區,頂罟里,65000230-005
新北市,八里區,舊城里,65000230-006
新北市,八里區,訊塘里,65000230-007
新北市,八里區,荖阡里,65000230-008
新北市,八里區,長坑里,65000230-009
新北市,八里區,下罟里,65000230-010
新北市,平溪區,薯榔里,65000240-001
新北市,平溪區,菁桐里,65000240-002
新北市,平溪區,白石里,65000240-003
新北市,平溪區,石底里,65000240-004
新北市,平溪區,平溪里,65000240-005
新北市,平溪區,嶺腳里,65000240-006
新北市,平溪區,東勢里,65000240-007
新北市,平溪區,望古里,65000240-008
新北市,平溪區,南山里,65000240-009
新北市,平溪區,平湖里,65000240-010
新北市,平溪區,十分里,65000240-011
新北市,平溪區,新寮里,65000240-012
新北市,雙溪區,雙溪里,65000250-001
新北市,雙溪區,共和里,65000250-002
新北市,雙溪區,新基里,65000250-003
新北市,雙溪區,魚行里,65000250-004
新北市,雙溪區,三港里,65000250-005
新北市,雙溪區,牡丹里,65000250-006
新北市,雙溪區,三貂里,65000250-007
新北市,雙溪區,平林里,65000250-008
新北市,雙溪區,上林里,65000250-009
新北市,雙溪區,外柑里,65000250-010
新北市,雙溪區,長源里,65000250-011
新北市,雙溪區,泰平里,65000250-012
新北市,貢寮區,貢寮里,65000260-001
新北市,貢寮區,吉林里,65000260-002
新北市,貢寮區,雙玉里,65000260-003
新北市,貢寮區,龍崗里,65000260-004
新北市,貢寮區,龍門里,65000260-005
新北市,貢寮區,福隆里,65000260-006
新北市,貢寮區,仁里里,65000260-007
新北市,貢寮區,真理里,65000260-008
新北市,貢寮區,福連里,65000260-009
新北市,貢寮區,美豐里,65000260-010
新北市,貢寮區,和美里,65000260-011
新北市,金山區,和平里,65000270-001
新北市,金山區,大同里,65000270-002
新北市,金山區,豐漁里,65000270-003
新北市,金山區,磺港里,65000270-004
新北市,金山區,美田里,65000270-005
新北市,金山區,五湖里,65000270-006
新北市,金山區,重和里,65000270-007
新北市,金山區,兩湖里,65000270-008
新北市,金山區,六股里,65000270-009
新北市,金山區,三界里,65000270-010
新北市,金山區,清泉里,65000270-011
新北市,金山區,萬壽里,65000270-012
新北市,金山區,西湖里,65000270-013
新北市,金山區,永興里,65000270-014
新北市,金山區,金美里,65000270-015
新北市,萬里區,萬里里,65000280-001
新北市,萬里區,龜吼里,65000280-002
新北市,萬里區,野柳里,65000280-003
新北市,萬里區,大鵬里,65000280-004
新北市,萬里區,磺潭里,65000280-005
新北市,萬里區,雙興里,65000280-006
新北市,萬里區,溪底里,65000280-007
新北市,萬里區,崁脚里,65000280-008
新北市,萬里區,中幅里,65000280-009
新北市,萬里區,北基里,65000280-010
新北市,烏來區,烏來里,65000290-001
新北市,烏來區,忠治里,65000290-002
新北市,烏來區,福山里,65000290-003
新北市,烏來區,信賢里,65000290-004
新北市,烏來區,孝義里,65000290-005
桃園市,桃園區,文化里,68000010-001
桃園市,桃園區,文明里,68000010-002
桃園市,桃園區,武陵里,68000010-003
桃園市,桃園區,大林里,68000010-004
桃園市,桃園區,忠義里,68000010-005
桃園市,桃園區,會稽里,68000010-006
桃園市,桃園區,長美里,68000010-007
桃園市,桃園區,民生里,68000010-008
桃園市,桃園區,永興里,68000010-009
桃園市,桃園區,汴洲里,68000010-010
桃園市,桃園區,永安里,68000010-011
桃園市,桃園區,東埔里,68000010-012
桃園市,桃園區,東門里,68000010-013
桃園市,桃園區,東山里,68000010-014
桃園市,桃園區,萬壽里,68000010-015
桃園市,桃園區,長安里,68000010-016
桃園市,桃園區,中埔里,68000010-017
桃園市,桃園區,西埔里,68000010-018
桃園市,桃園區,西門里,68000010-019
桃園市,桃園區,中和里,68000010-020
桃園市,桃園區,文昌里,68000010-021
桃園市,桃園區,新埔里,68000010-022
桃園市,桃園區,中山里,68000010-023
桃園市,桃園區,慈文里,68000010-024
桃園市,桃園區,西湖里,68000010-025
桃園市,桃園區,南門里,68000010-026
桃園市,桃園區,南華里,68000010-027
桃園市,桃園區,玉山里,68000010-028
桃園市,桃園區,中成里,68000010-029
桃園市,桃園區,中正里,68000010-030
桃園市,桃園區,北門里,68000010-031
桃園市,桃園區,雲林里,68000010-032
桃園市,桃園區,福林里,68000010-033
桃園市,桃園區,光興里,68000010-034
桃園市,桃園區,龍山里,68000010-035
桃園市,桃園區,龍岡里,68000010-036
桃園市,桃園區,成功里,68000010-037
桃園市,桃園區,青溪里,68000010-038
桃園市,桃園區,朝陽里,68000010-039
桃園市,桃園區,中興里,68000010-040
桃園市,桃園區,豐林里,68000010-041
桃園市,桃園區,建國里,68000010-042
桃園市,桃園區,大豐里,68000010-043
桃園市,桃園區,福安里,68000010-044
桃園市,桃園區,三民里,68000010-045
桃園市,桃園區,大興里,68000010-046
桃園市,桃園區,春日里,68000010-047
桃園市,桃園區,信光里,68000010-048
桃園市,桃園區,中寧里,68000010-049
桃園市,桃園區,同安里,68000010-050
桃園市,桃園區,莊敬里,68000010-051
桃園市,桃園區,文中里,68000010-052
桃園市,桃園區,泰山里,68000010-053
桃園市,桃園區,中路里,68000010-054
桃園市,桃園區,中德里,68000010-055
桃園市,桃園區,龍祥里,68000010-056
桃園市,桃園區,大有里,68000010-057
桃園市,桃園區,寶山里,68000010-058
桃園市,桃園區,龍鳳里,68000010-059
桃園市,桃園區,龍安里,68000010-060
桃園市,桃園區,自強里,68000010-061
桃園市,桃園區,中信里,68000010-062
桃園市,桃園區,長德里,68000010-063
桃園市,桃園區,中平里,68000010-064
桃園市,桃園區,中原里,68000010-065
桃園市,桃園區,中泰里,68000010-066
桃園市,桃園區,南埔里,68000010-067
桃園市,桃園區,寶慶里,68000010-068
桃園市,桃園區,北埔里,68000010-069
桃園市,桃園區,中聖里,68000010-070
桃園市,桃園區,龍壽里,68000010-071
桃園市,桃園區,同德里,68000010-072
桃園市,桃園區,明德里,68000010-073
桃園市,桃園區,寶安里,68000010-074
桃園市,桃園區,瑞慶里,68000010-075
桃園市,桃園區,三元里,68000010-076
桃園市,中壢區,龍平里,68000020-001
桃園市,中壢區,龍昌里,68000020-002
桃園市,中壢區,仁德里,68000020-003
桃園市,中壢區,永興里,68000020-004
桃園市,中壢區,內壢里,68000020-005
桃園市,中壢區,成功里,68000020-006
桃園市,中壢區,光明里,68000020-007
桃園市,中壢區,自立里,68000020-008
桃園市,中壢區,自強里,68000020-009
桃園市,中壢區,中堅里,68000020-010
桃園市,中壢區,龍興里,68000020-011
桃園市,中壢區,仁美里,68000020-012
桃園市,中壢區,仁愛里,68000020-013
桃園市,中壢區,新街里,68000020-014
桃園市,中壢區,中央里,68000020-015
桃園市,中壢區,普仁里,68000020-016
桃園市,中壢區,普義里,68000020-017
桃園市,中壢區,忠義里,68000020-018
桃園市,中壢區,中正里,68000020-019
桃園市,中壢區,興仁里,68000020-020
桃園市,中壢區,東興里,68000020-021
桃園市,中壢區,洽溪里,68000020-022
桃園市,中壢區,篤行里,68000020-023
桃園市,中壢區,新明里,68000020-024
桃園市,中壢區,新興里,68000020-025
桃園市,中壢區,中原里,68000020-026
桃園市,中壢區,內定里,68000020-027
桃園市,中壢區,中壢里,68000020-028
桃園市,中壢區,龍岡里,68000020-029
桃園市,中壢區,仁祥里,68000020-030
桃園市,中壢區,水尾里,68000020-031
桃園市,中壢區,青埔里,68000020-032
桃園市,中壢區,復興里,68000020-033
桃園市,中壢區,文化里,68000020-034
桃園市,中壢區,興國里,68000020-035
桃園市,中壢區,忠福里,68000020-036
桃園市,中壢區,信義里,68000020-037
桃園市,中壢區,石頭里,68000020-038
桃園市,中壢區,龍東里,68000020-039
桃園市,中壢區,中建里,68000020-040
桃園市,中壢區,興南里,68000020-041
桃園市,中壢區,後寮里,68000020-042
桃園市,中壢區,過嶺里,68000020-043
桃園市,中壢區,五權里,68000020-044
桃園市,中壢區,舊明里,68000020-045
桃園市,中壢區,芝芭里,68000020-046
桃園市,中壢區,月眉里,68000020-047
桃園市,中壢區,三民里,68000020-048
桃園市,中壢區,山東里,68000020-049
桃園市,中壢區,中榮里,68000020-050
桃園市,中壢區,內厝里,68000020-051
桃園市,中壢區,振興里,68000020-052
桃園市,中壢區,普慶里,68000020-053
桃園市,中壢區,興和里,68000020-054
桃園市,中壢區,永光里,68000020-055
桃園市,中壢區,復華里,68000020-056
桃園市,中壢區,忠孝里,68000020-057
桃園市,中壢區,福德里,68000020-058
桃園市,中壢區,和平里,68000020-059
桃園市,中壢區,普忠里,68000020-060
桃園市,中壢區,普強里,68000020-061
桃園市,中壢區,明德里,68000020-062
桃園市,中壢區,至善里,68000020-063
桃園市,中壢區,五福里,68000020-064
桃園市,中壢區,龍德里,68000020-065
桃園市,中壢區,正義里,68000020-066
桃園市,中壢區,龍安里,68000020-067
桃園市,中壢區,中山里,68000020-068
桃園市,中壢區,德義里,68000020-069
桃園市,中壢區,仁義里,68000020-070
桃園市,中壢區,華勛里,68000020-071
桃園市,中壢區,仁福里,68000020-072
桃園市,中壢區,幸福里,68000020-073
桃園市,中壢區,永福里,68000020-074
桃園市,中壢區,仁和里,68000020-075
桃園市,中壢區,華愛里,68000020-076
桃園市,中壢區,莊敬里,68000020-077
桃園市,中壢區,自治里,68000020-078
桃園市,中壢區,健行里,68000020-079
桃園市,中壢區,興平里,68000020-080
桃園市,中壢區,中興里,68000020-081
桃園市,中壢區,龍慈里,68000020-082
桃園市,中壢區,自信里,68000020-083
桃園市,中壢區,林森里,68000020-084
桃園市,中壢區,金華里,68000020-085
桃園市,大溪區,興和里,68000030-001
桃園市,大溪區,福仁里,68000030-002
桃園市,大溪區,一心里,68000030-003
桃園市,大溪區,一德里,68000030-004
桃園市,大溪區,月眉里,68000030-005
桃園市,大溪區,永福里,68000030-006
桃園市,大溪區,美華里,68000030-007
桃園市,大溪區,福安里,68000030-008
桃園市,大溪區,復興里,68000030-009
桃園市,大溪區,新峰里,68000030-010
桃園市,大溪區,康安里,68000030-011
桃園市,大溪區,義和里,68000030-012
桃園市,大溪區,瑞興里,68000030-013
桃園市,大溪區,中新里,68000030-014
桃園市,大溪區,仁義里,68000030-015
桃園市,大溪區,僑愛里,68000030-016
桃園市,大溪區,仁善里,68000030-017
桃園市,大溪區,仁愛里,68000030-018
桃園市,大溪區,仁武里,68000030-019
桃園市,大溪區,員林里,68000030-020
桃園市,大溪區,南興里,68000030-021
桃園市,大溪區,瑞源里,68000030-022
桃園市,大溪區,光明里,68000030-023
桃園市,大溪區,三元里,68000030-024
桃園市,大溪區,田心里,68000030-025
桃園市,大溪區,仁文里,68000030-026
桃園市,大溪區,仁和里,68000030-027
桃園市,楊梅區,楊梅里,68000040-001
桃園市,楊梅區,楊江里,68000040-002
桃園市,楊梅區,紅梅里,68000040-003
桃園市,楊梅區,永寧里,68000040-004
桃園市,楊梅區,大平里,68000040-005
桃園市,楊梅區,東流里,68000040-006
桃園市,楊梅區,水美里,68000040-007
桃園市,楊梅區,上田里,68000040-008
桃園市,楊梅區,梅新里,68000040-009
桃園市,楊梅區,大同里,68000040-010
桃園市,楊梅區,埔心里,68000040-011
桃園市,楊梅區,金龍里,68000040-012
桃園市,楊梅區,瑞塘里,68000040-013
桃園市,楊梅區,四維里,68000040-014
桃園市,楊梅區,梅溪里,68000040-015
桃園市,楊梅區,高山里,68000040-016
桃園市,楊梅區,高榮里,68000040-017
桃園市,楊梅區,仁美里,68000040-018
桃園市,楊梅區,光華里,68000040-019
桃園市,楊梅區,富岡里,68000040-020
桃園市,楊梅區,豐野里,68000040-021
桃園市,楊梅區,員本里,68000040-022
桃園市,楊梅區,瑞原里,68000040-023
桃園市,楊梅區,三湖里,68000040-024
桃園市,楊梅區,上湖里,68000040-025
桃園市,楊梅區,中山里,68000040-026
桃園市,楊梅區,楊明里,68000040-027
桃園市,楊梅區,金溪里,68000040-028
桃園市,楊梅區,裕成里,68000040-029
桃園市,楊梅區,秀才里,68000040-030
桃園市,楊梅區,青山里,68000040-031
桃園市,楊梅區,新榮里,68000040-032
桃園市,楊梅區,雙榮里,68000040-033
桃園市,楊梅區,瑞坪里,68000040-034
桃園市,楊梅區,永平里,68000040-035
桃園市,楊梅區,瑞溪里,68000040-036
桃園市,楊梅區,高上里,68000040-037
桃園市,楊梅區,富豐里,68000040-038
桃園市,楊梅區,裕新里,68000040-039
桃園市,楊梅區,三民里,68000040-040
桃園市,楊梅區,頭湖里,68000040-041
桃園市,蘆竹區,新興里,68000050-001
桃園市,蘆竹區,中福里,68000050-002
桃園市,蘆竹區,新莊里,68000050-003
桃園市,蘆竹區,大竹里,68000050-004
桃園市,蘆竹區,蘆竹里,68000050-006
桃園市,蘆竹區,南崁里,68000050-007
桃園市,蘆竹區,錦興里,68000050-008
桃園市,蘆竹區,五福里,68000050-009
桃園市,蘆竹區,內厝里,68000050-010
桃園市,蘆竹區,山鼻里,68000050-011
桃園市,蘆竹區,山腳里,68000050-012
桃園市,蘆竹區,外社里,68000050-013
桃園市,蘆竹區,坑子里,68000050-014
桃園市,蘆竹區,坑口里,68000050-015
桃園市,蘆竹區,海湖里,68000050-016
桃園市,蘆竹區,南榮里,68000050-017
桃園市,蘆竹區,南興里,68000050-018
桃園市,蘆竹區,長興里,68000050-019
桃園市,蘆竹區,錦中里,68000050-020
桃園市,蘆竹區,富竹里,68000050-021
桃園市,蘆竹區,上竹里,68000050-022
桃園市,蘆竹區,宏竹里,68000050-023
桃園市,蘆竹區,瓦窯里,68000050-024
桃園市,蘆竹區,營盤里,68000050-025
桃園市,蘆竹區,羊稠里,68000050-026
桃園市,蘆竹區,順興里,68000050-027
桃園市,蘆竹區,福昌里,68000050-028
桃園市,蘆竹區,福興里,68000050-029
桃園市,蘆竹區,蘆興里,68000050-030
桃園市,蘆竹區,長壽里,68000050-031
桃園市,蘆竹區,吉祥里,68000050-032
桃園市,蘆竹區,中山里,68000050-033
桃園市,蘆竹區,福祿里,68000050-034
桃園市,蘆竹區,興榮里,68000050-035
桃園市,蘆竹區,中興里,68000050-036
桃園市,蘆竹區,上興里,68000050-037
桃園市,蘆竹區,營福里,68000050-038
桃園市,大園區,大園里,68000060-001
桃園市,大園區,田心里,68000060-002
桃園市,大園區,溪海里,68000060-003
桃園市,大園區,和平里,68000060-004
桃園市,大園區,橫峰里,68000060-005
桃園市,大園區,五權里,68000060-006
桃園市,大園區,埔心里,68000060-007
桃園市,大園區,大海里,68000060-008
桃園市,大園區,三石里,68000060-010
桃園市,大園區,菓林里,68000060-011
桃園市,大園區,竹圍里,68000060-012
桃園市,大園區,海口里,68000060-013
桃園市,大園區,沙崙里,68000060-014
桃園市,大園區,後厝里,68000060-015
桃園市,大園區,圳頭里,68000060-016
桃園市,大園區,內海里,68000060-017
桃園市,大園區,北港里,68000060-018
桃園市,大園區,南港里,68000060-019
桃園市,龜山區,楓樹里,68000070-001
桃園市,龜山區,龜山里,68000070-002
桃園市,龜山區,兔坑里,68000070-003
桃園市,龜山區,大同里,68000070-004
桃園市,龜山區,山福里,68000070-005
桃園市,龜山區,山頂里,68000070-006
桃園市,龜山區,陸光里,68000070-007
桃園市,龜山區,精忠里,68000070-008
桃園市,龜山區,公西里,68000070-009
桃園市,龜山區,樂善里,68000070-010
桃園市,龜山區,南上里,68000070-011
桃園市,龜山區,大坑里,68000070-012
桃園市,龜山區,中興里,68000070-013
桃園市,龜山區,山德里,68000070-014
桃園市,龜山區,新路里,68000070-015
桃園市,龜山區,嶺頂里,68000070-016
桃園市,龜山區,龍壽里,68000070-017
桃園市,龜山區,舊路里,68000070-018
桃園市,龜山區,大崗里,68000070-019
桃園市,龜山區,文化里,68000070-020
桃園市,龜山區,南美里,68000070-021
桃園市,龜山區,幸福里,68000070-022
桃園市,龜山區,福源里,68000070-023
桃園市,龜山區,龍華里,68000070-024
桃園市,龜山區,迴龍里,68000070-025
桃園市,龜山區,新嶺里,68000070-026
桃園市,龜山區,大湖里,68000070-027
桃園市,龜山區,大華里,68000070-028
桃園市,龜山區,長庚里,68000070-029
桃園市,龜山區,新興里,68000070-030
桃園市,八德區,興仁里,68000080-001
桃園市,八德區,福興里,68000080-002
桃園市,八德區,瑞豐里,68000080-003
桃園市,八德區,瑞發里,68000080-004
桃園市,八德區,瑞德里,68000080-005
桃園市,八德區,瑞祥里,68000080-006
桃園市,八德區,廣興里,68000080-007
桃園市,八德區,廣隆里,68000080-008
桃園市,八德區,竹園里,68000080-009
桃園市,八德區,霄裡里,68000080-010
桃園市,八德區,茄苳里,68000080-011
桃園市,八德區,高明里,68000080-012
桃園市,八德區,白鷺里,68000080-013
桃園市,八德區,大湳里,68000080-014
桃園市,八德區,大安里,68000080-015
桃園市,八德區,大興里,68000080-016
桃園市,八德區,大和里,68000080-017
桃園市,八德區,大同里,68000080-018
桃園市,八德區,大成里,68000080-019
桃園市,八德區,大義里,68000080-020
桃園市,八德區,大忠里,68000080-021
桃園市,八德區,大福里,68000080-022
桃園市,八德區,大勇里,68000080-023
桃園市,八德區,大信里,68000080-024
桃園市,八德區,大華里,68000080-025
桃園市,八德區,大仁里,68000080-026
桃園市,八德區,大智里,68000080-027
桃園市,八德區,瑞泰里,68000080-028
桃園市,八德區,大昌里,68000080-029
桃園市,八德區,大正里,68000080-030
桃園市,八德區,大強里,68000080-031
桃園市,八德區,大發里,68000080-032
桃園市,八德區,大明里,68000080-033
桃園市,八德區,大竹里,68000080-034
桃園市,八德區,大慶里,68000080-035
桃園市,八德區,大千里,68000080-036
桃園市,八德區,大榮里,68000080-037
桃園市,八德區,茄明里,68000080-038
桃園市,八德區,高城里,68000080-039
桃園市,八德區,瑞興里,68000080-040
桃園市,八德區,大愛里,68000080-041
桃園市,八德區,大宏里,68000080-042
桃園市,八德區,大漢里,68000080-043
桃園市,八德區,廣德里,68000080-044
桃園市,八德區,龍友里,68000080-045
桃園市,八德區,陸光里,68000080-046
桃園市,八德區,永豐里,68000080-047
桃園市,八德區,大順里,68000080-048
桃園市,龍潭區,黃唐里,68000090-001
桃園市,龍潭區,中山里,68000090-002
桃園市,龍潭區,烏林里,68000090-003
桃園市,龍潭區,高平里,68000090-004
桃園市,龍潭區,凌雲里,68000090-006
桃園市,龍潭區,八德里,68000090-007
桃園市,龍潭區,三水里,68000090-008
桃園市,龍潭區,上林里,68000090-009
桃園市,龍潭區,中正里,68000090-010
桃園市,龍潭區,龍潭里,68000090-011
桃園市,龍潭區,高原里,68000090-012
桃園市,龍潭區,九龍里,68000090-013
桃園市,龍潭區,中興里,68000090-014
桃園市,龍潭區,佳安里,68000090-015
桃園市,龍潭區,三和里,68000090-016
桃園市,龍潭區,三坑里,68000090-017
桃園市,龍潭區,大平里,68000090-018
桃園市,龍潭區,三林里,68000090-019
桃園市,龍潭區,永興里,68000090-020
桃園市,龍潭區,烏樹林里,68000090-021
桃園市,龍潭區,百年里,68000090-022
桃園市,龍潭區,龍祥里,68000090-023
桃園市,龍潭區,聖德里,68000090-024
桃園市,龍潭區,龍星里,68000090-025
桃園市,龍潭區,上華里,68000090-026
桃園市,龍潭區,武漢里,68000090-027
桃園市,龍潭區,東興里,68000090-028
桃園市,龍潭區,北興里,68000090-029
桃園市,龍潭區,建林里,68000090-030
桃園市,龍潭區,富林里,68000090-031
桃園市,平鎮區,雙連里,68000100-001
桃園市,平鎮區,高雙里,68000100-002
桃園市,平鎮區,復旦里,68000100-003
桃園市,平鎮區,廣興里,68000100-004
桃園市,平鎮區,義民里,68000100-005
桃園市,平鎮區,宋屋里,68000100-006
桃園市,平鎮區,新勢里,68000100-007
桃園市,平鎮區,新富里,68000100-008
桃園市,平鎮區,北勢里,68000100-009
桃園市,平鎮區,北興里,68000100-010
桃園市,平鎮區,北貴里,68000100-011
桃園市,平鎮區,平鎮里,68000100-012
桃園市,平鎮區,南勢里,68000100-013
桃園市,平鎮區,莊敬里,68000100-014
桃園市,平鎮區,山峰里,68000100-015
桃園市,平鎮區,湧光里,68000100-016
桃園市,平鎮區,龍恩里,68000100-017
桃園市,平鎮區,東社里,68000100-018
桃園市,平鎮區,龍興里,68000100-019
桃園市,平鎮區,貿易里,68000100-020
桃園市,平鎮區,忠貞里,68000100-021
桃園市,平鎮區,中正里,68000100-022
桃園市,平鎮區,建安里,68000100-023
桃園市,平鎮區,東勢里,68000100-024
桃園市,平鎮區,東安里,68000100-025
桃園市,平鎮區,新安里,68000100-026
桃園市,平鎮區,鎮興里,68000100-027
桃園市,平鎮區,義興里,68000100-028
桃園市,平鎮區,湧豐里,68000100-029
桃園市,平鎮區,湧安里,68000100-030
桃園市,平鎮區,廣達里,68000100-031
桃園市,平鎮區,福林里,68000100-032
桃園市,平鎮區,金星里,68000100-033
桃園市,平鎮區,廣仁里,68000100-034
桃園市,平鎮區,新貴里,68000100-035
桃園市,平鎮區,北富里,68000100-036
桃園市,平鎮區,新榮里,68000100-037
桃園市,平鎮區,華安里,68000100-038
桃園市,平鎮區,金陵里,68000100-039
桃園市,平鎮區,北安里,68000100-040
桃園市,平鎮區,北華里,68000100-041
桃園市,平鎮區,復興里,68000100-042
桃園市,平鎮區,平興里,68000100-043
桃園市,平鎮區,新英里,68000100-044
桃園市,平鎮區,平安里,68000100-045
桃園市,平鎮區,平南里,68000100-046
桃園市,新屋區,新屋里,68000110-001
桃園市,新屋區,新生里,68000110-002
桃園市,新屋區,後湖里,68000110-003
桃園市,新屋區,清華里,68000110-004
桃園市,新屋區,頭洲里,68000110-005
桃園市,新屋區,埔頂里,68000110-006
桃園市,新屋區,九斗里,68000110-007
桃園市,新屋區,社子里,68000110-008
桃園市,新屋區,東明里,68000110-009
桃園市,新屋區,石磊里,68000110-010
桃園市,新屋區,下埔里,68000110-011
桃園市,新屋區,下田里,68000110-012
桃園市,新屋區,石牌里,68000110-013
桃園市,新屋區,赤欄里,68000110-014
桃園市,新屋區,永興里,68000110-015
桃園市,新屋區,永安里,68000110-016
桃園市,新屋區,笨港里,68000110-017
桃園市,新屋區,深圳里,68000110-018
桃園市,新屋區,蚵間里,68000110-019
桃園市,新屋區,槺榔里,68000110-020
桃園市,新屋區,後庄里,68000110-021
桃園市,新屋區,大坡里,68000110-022
桃園市,新屋區,望間里,68000110-023
桃園市,觀音區,觀音里,68000120-001
桃園市,觀音區,白玉里,68000120-002
桃園市,觀音區,廣興里,68000120-003
桃園市,觀音區,大潭里,68000120-004
桃園市,觀音區,武威里,68000120-005
桃園市,觀音區,保生里,68000120-006
桃園市,觀音區,三和里,68000120-007
桃園市,觀音區,新興里,68000120-008
桃園市,觀音區,坑尾里,68000120-009
桃園市,觀音區,金湖里,68000120-010
桃園市,觀音區,藍埔里,68000120-011
桃園市,觀音區,大同里,68000120-012
桃園市,觀音區,大堀里,68000120-013
桃園市,觀音區,崙坪里,68000120-014
桃園市,觀音區,富源里,68000120-015
桃園市,觀音區,上大里,68000120-016
桃園市,觀音區,新坡里,68000120-017
桃園市,觀音區,廣福里,68000120-018
桃園市,觀音區,塔腳里,68000120-019
桃園市,觀音區,保障里,68000120-020
桃園市,觀音區,草漯里,68000120-021
桃園市,觀音區,樹林里,68000120-022
桃園市,觀音區,富林里,68000120-023
桃園市,觀音區,草新里,68000120-024
桃園市,復興區,三民里,68000130-001
桃園市,復興區,澤仁里,68000130-002
桃園市,復興區,義盛里,68000130-003
桃園市,復興區,霞雲里,68000130-004
桃園市,復興區,長興里,68000130-005
桃園市,復興區,三光里,68000130-006
桃園市,復興區,奎輝里,68000130-007
桃園市,復興區,華陵里,68000130-008
桃園市,復興區,羅浮里,68000130-009
桃園市,復興區,高義里,68000130-010
基隆市,中正區,德義里,10017010-001
基隆市,中正區,正義里,10017010-002
基隆市,中正區,信義里,10017010-003
基隆市,中正區,義重里,10017010-004
基隆市,中正區,港通里,10017010-005
基隆市,中正區,中船里,10017010-006
基隆市,中正區,正船里,10017010-007
基隆市,中正區,入船里,10017010-008
基隆市,中正區,中砂里,10017010-009
基隆市,中正區,正砂里,10017010-010
基隆市,中正區,真砂里,10017010-011
基隆市,中正區,砂灣里,10017010-012
基隆市,中正區,建國里,10017010-013
基隆市,中正區,中濱里,10017010-014
基隆市,中正區,海濱里,10017010-015
基隆市,中正區,社寮里,10017010-016
基隆市,中正區,和憲里,10017010-017
基隆市,中正區,平寮里,10017010-018
基隆市,中正區,八斗里,10017010-019
基隆市,中正區,碧砂里,10017010-020
基隆市,中正區,長潭里,10017010-021
基隆市,中正區,砂子里,10017010-022
基隆市,中正區,中正里,10017010-023
基隆市,中正區,正濱里,10017010-024
基隆市,中正區,新豐里,10017010-025
基隆市,中正區,新富里,10017010-026
基隆市,七堵區,長興里,10017020-001
基隆市,七堵區,正光里,10017020-002
基隆市,七堵區,富民里,10017020-003
基隆市,七堵區,永平里,10017020-004
基隆市,七堵區,永安里,10017020-005
基隆市,七堵區,八德里,10017020-006
基隆市,七堵區,自強里,10017020-007
基隆市,七堵區,六堵里,10017020-008
基隆市,七堵區,泰安里,10017020-009
基隆市,七堵區,堵北里,10017020-010
基隆市,七堵區,堵南里,10017020-011
基隆市,七堵區,瑪南里,10017020-012
基隆市,七堵區,瑪東里,10017020-013
基隆市,七堵區,瑪西里,10017020-014
基隆市,七堵區,友一里,10017020-015
基隆市,七堵區,友二里,10017020-016
基隆市,七堵區,正明里,10017020-017
基隆市,七堵區,百福里,10017020-018
基隆市,七堵區,實踐里,10017020-019
基隆市,七堵區,長安里,10017020-020
基隆市,暖暖區,八西里,10017030-001
基隆市,暖暖區,八堵里,10017030-002
基隆市,暖暖區,八南里,10017030-003
基隆市,暖暖區,過港里,10017030-004
基隆市,暖暖區,碇內里,10017030-005
基隆市,暖暖區,碇和里,10017030-006
基隆市,暖暖區,暖同里,10017030-007
基隆市,暖暖區,暖暖里,10017030-008
基隆市,暖暖區,暖東里,10017030-009
基隆市,暖暖區,暖西里,10017030-010
基隆市,暖暖區,八中里,10017030-011
基隆市,暖暖區,碇安里,10017030-012
基隆市,暖暖區,碇祥里,10017030-013
基隆市,仁愛區,林泉里,10017040-001
基隆市,仁愛區,花崗里,10017040-002
基隆市,仁愛區,虹橋里,10017040-003
基隆市,仁愛區,水錦里,10017040-004
基隆市,仁愛區,智仁里,10017040-005
基隆市,仁愛區,和明里,10017040-006
基隆市,仁愛區,忠勇里,10017040-007
基隆市,仁愛區,玉田里,10017040-008
基隆市,仁愛區,仁德里,10017040-009
基隆市,仁愛區,博愛里,10017040-010
基隆市,仁愛區,福仁里,10017040-011
基隆市,仁愛區,誠仁里,10017040-012
基隆市,仁愛區,吉仁里,10017040-013
基隆市,仁愛區,育仁里,10017040-014
基隆市,仁愛區,英仁里,10017040-015
基隆市,仁愛區,龍門里,10017040-016
基隆市,仁愛區,德厚里,10017040-017
基隆市,仁愛區,曲水里,10017040-018
基隆市,仁愛區,崇文里,10017040-019
基隆市,仁愛區,文安里,10017040-020
基隆市,仁愛區,兆連里,10017040-021
基隆市,仁愛區,獅球里,10017040-022
基隆市,仁愛區,書院里,10017040-023
基隆市,仁愛區,朝棟里,10017040-024
基隆市,仁愛區,明德里,10017040-025
基隆市,仁愛區,同風里,10017040-026
基隆市,仁愛區,文昌里,10017040-027
基隆市,仁愛區,新店里,10017040-028
基隆市,仁愛區,光華里,10017040-029
基隆市,中山區,新建里,10017050-001
基隆市,中山區,安民里,10017050-002
基隆市,中山區,安平里,10017050-003
基隆市,中山區,中山里,10017050-004
基隆市,中山區,民治里,10017050-005
基隆市,中山區,中興里,10017050-006
基隆市,中山區,仁正里,10017050-007
基隆市,中山區,健民里,10017050-008
基隆市,中山區,通化里,10017050-009
基隆市,中山區,居仁里,10017050-010
基隆市,中山區,通明里,10017050-011
基隆市,中山區,協和里,10017050-012
基隆市,中山區,文化里,10017050-013
基隆市,中山區,仙洞里,10017050-014
基隆市,中山區,太白里,10017050-015
基隆市,中山區,西榮里,10017050-016
基隆市,中山區,西華里,10017050-017
基隆市,中山區,西定里,10017050-018
基隆市,中山區,西康里,10017050-019
基隆市,中山區,德和里,10017050-020
基隆市,中山區,中和里,10017050-021
基隆市,中山區,德安里,10017050-022
基隆市,中山區,和平里,10017050-023
基隆市,中山區,和慶里,10017050-024
基隆市,安樂區,西川里,10017060-001
基隆市,安樂區,定國里,10017060-002
基隆市,安樂區,新西里,10017060-003
基隆市,安樂區,定邦里,10017060-004
基隆市,安樂區,慈仁里,10017060-005
基隆市,安樂區,干城里,10017060-006
基隆市,安樂區,永康里,10017060-007
基隆市,安樂區,嘉仁里,10017060-008
基隆市,安樂區,安和里,10017060-009
基隆市,安樂區,樂一里,10017060-010
基隆市,安樂區,外寮里,10017060-011
基隆市,安樂區,中崙里,10017060-012
基隆市,安樂區,內寮里,10017060-013
基隆市,安樂區,新崙里,10017060-014
基隆市,安樂區,三民里,10017060-015
基隆市,安樂區,四維里,10017060-016
基隆市,安樂區,五福里,10017060-017
基隆市,安樂區,六合里,10017060-018
基隆市,安樂區,七賢里,10017060-019
基隆市,安樂區,鶯歌里,10017060-020
基隆市,安樂區,武崙里,10017060-021
基隆市,安樂區,長樂里,10017060-022
基隆市,安樂區,興寮里,10017060-023
基隆市,安樂區,鶯安里,10017060-024
基隆市,安樂區,壯觀里,10017060-025
基隆市,信義區,仁壽里,10017070-001
基隆市,信義區,仁義里,10017070-002
基隆市,信義區,義昭里,10017070-003
基隆市,信義區,義幸里,10017070-004
基隆市,信義區,義民里,10017070-005
基隆市,信義區,義和里,10017070-006
基隆市,信義區,智慧里,10017070-007
基隆市,信義區,智誠里,10017070-008
基隆市,信義區,禮儀里,10017070-009
基隆市,信義區,禮東里,10017070-010
基隆市,信義區,信綠里,10017070-011
基隆市,信義區,東光里,10017070-012
基隆市,信義區,東明里,10017070-013
基隆市,信義區,東安里,10017070-014
基隆市,信義區,孝岡里,10017070-015
基隆市,信義區,東信里,10017070-016
基隆市,信義區,孝深里,10017070-017
基隆市,信義區,孝賢里,10017070-018
基隆市,信義區,孝德里,10017070-019
基隆市,信義區,孝忠里,10017070-020
